username,comments,comment_upvotes,comment_score,posts,post_upvotes,post_score,total_posts,pay2post,points,blockchain_address,eligibility_reason,eligible_comments,eligible_posts
kirtash93,299,243.13045,27659.47306,51,327.0668,118710.46825,51,12750,133619.94131,0xc149c6d082Da03319497A4Cfea8324A88CD1C898,,1,1
masterpieceloud4931,197,189.4377,21551.17535,20,148.5106,53902.63661,20,5000,70453.81195,0x16Bd6F1d0d3a5c039ca67e0Da0DEa4bA3823bB23,,1,1
creative_ad7831,38,35.5,4038.61916,53,159.6079,57930.45502,60,15000,46969.07418,0x5ce03C34F851066DA7a7392526a7EC4F81790e1D,,1,1
dbrimatt,226,222.6609,25330.77681,8,59.823,21713.0456,8,2000,45043.82241,0xFEdD14d3a32FaAbfbd6E290fAA73Aec58e894650,,1,1
odd-radio-8500,300,309.3136,35188.72765,6,26.90155,9764.04697,8,2000,42952.77461,0x795065F0368BE7149140D2b134fe2bA072db42AE,,1,1
bigron1977,232,243.2502,27673.09629,4,40.4411,14678.29177,4,1000,41351.38806,0x65C33426B9eB958dA182d008f3e40597398Eb752,,1,1
siginwanne,172,167.0653,19006.00342,56,94.73665,34385.1228,62,15500,37891.12622,0xD90C22d2Da086Eaf293E6Ca056116C7d08DecA47,,1,1
drrobbe,126,109.6109,12469.76566,7,57.6,20906.19706,7,1750,31625.96271,0x5eD61dee19B3355cf125a5cB95bEC8f344523628,,1,1
abdeliq,116,115.5,13139.73276,51,87.16603,31637.32804,62,15500,29277.0608,0x68E5b83d9A4E82d3833dE0365543E7d26897B413,,1,1
wonderful_bad6531,95,101.30265,11524.58657,21,61.97915,22495.63061,24,6000,28020.21718,0x823203809D31109e99F27092dE19F60a22DF61C5,,1,1
cymandetv,163,144.48335,16436.99227,24,44.1698,16031.64137,34,8500,23968.63364,0x94f5926AD5902b41588097788A1e84884aCE4494,,1,1
extension-survey3014,78,78.55425,8936.63941,46,74.57067,27065.78518,55,13750,22252.42459,0x1Cc3ddB501900fD286E4c5564D769791Ad087B42,,1,1
0xmarcaurel,21,21.5,2445.92428,8,54.1359,19648.8853,8,2000,20094.80958,0x0c4B8B79E0ebA3e407Bc175176Db496474046e9a,,1,1
josefumi12,48,47.0266,5349.93036,11,15.75352,5717.81767,12,3000,8067.74803,0xA9c455ae9838840187801ce4f0ef1DB28EAeb326,,1,1
reddito321,6,7.0,796.34744,2,15.0,5444.32215,0,0,6240.66959,0xbE8793cE3eA65A70BdA8C0364981f900Ad80d9dB,,1,1
cassmach,21,21.0,2389.04232,14,23.75,8620.17674,20,5000,6009.21906,0x20E570B8b950c2c81F2cB9Fe1e02CD278f0E6D77,deleted or shadow ban,0,0
aminok,1,1.0,113.76392,4,18.25538,6625.87616,4,1000,5739.64008,0xbEA18A39a1cEe253705eB5e966fe23F26dD109eF,,1,1
bzzking,3,3.0,341.29176,2,12.0,4355.45772,2,500,4196.74948,0x7C48CF841a4cd5754127148fB9B20580Fc51eBeb,,1,1
mixdealyn,31,34.88835,3969.03546,0,0,0.0,0,0,3969.03546,0xd90deab1894f334febcB808b4b44265Be463aAa2,,1,1
lorem_epsom_dollar,35,29.55425,3362.20733,1,2.0,725.90962,1,250,3838.11695,0xbA57aCa2547387c651cA32FE7b17D92F90253B44,,1,1
king__robbo,38,33.3387,3792.7412,0,0,0.0,0,0,3792.7412,0x02977d017bf7002b5B8f32C1D2F3024f96eaB73b,,1,1
timbulance,35,31.55425,3589.73517,0,0,0.0,0,0,3589.73517,0xf8b2808E19413E0b14C2966dD6afB497c7F5A919,,1,1
0x456,12,7.7036,876.39173,1,6.0,2177.72886,1,250,2804.12059,0x456029D4d417ab7BD4D5d2b0404215E56a25C000,,1,1
dangly_bits,34,21.62385,2460.01394,0,0,0.0,0,0,2460.01394,0x5607635603B7fe452185DCfB8C48260700b9aA7d,perma ban,0,0
thorp1,20,20.0,2275.2784,0,0,0.0,0,0,2275.2784,0x3f65Ad6363073D3328b3F47273D7F3C7f574fD13,,1,1
ninadpathak,2,2.0,227.52784,2,6.5,2359.20627,2,500,2086.73411,0x78af2C2B520F16472D9E82612fEfC668F754C66d,,1,1
alarmingadvertising5,22,20.0026,2275.57419,1,0.47533,172.52331,2,500,1948.0975,0x88Df4086a1A5F534dbdC15625f7a027D303EAD4e,,1,1
fattestlion,9,15.0366,1710.62256,0,0,0.0,0,0,1710.62256,0x2dBB136D8DC31698ADA7C56E0853C255629d0cA6,,1,1
jned99,13,13.51885,1537.95737,0,0,0.0,0,0,1537.95737,0x4d5657730911393313748BE8a25cee23A315ad12,,1,1
flaky_word_7636,21,13.5183,1537.8948,0,0,0.0,0,0,1537.8948,0xc111F82394a6e2A605ce6c10852E04917e5A9AB8,,1,1
xc0dex,10,12.0,1365.16704,0,0,0.0,0,0,1365.16704,0x7402C66B8D9FC2D4500736159a02FD1D3A14181d,,1,1
nethanns,10,10.1215,1151.46152,0,0,0.0,0,0,1151.46152,0xB3184DA621427417e4991eD9321895e03052608E,,1,1
pinewatch762,10,10.0,1137.6392,0,0,0.0,0,0,1137.6392,0xf0bEF0A12Bc5a2A647F24411bfd3aCBC7A0D6e0c,comments only,1,0
ice-fight,20,9.27595,1055.26843,0,0,0.0,0,0,1055.26843,0x8b90cA3c3203D533ac1Ee8c5D7bF96787B062cF0,deleted or shadow ban,0,0
middlemangv,6,6.0,682.58352,1,1.54567,561.01018,1,250,993.5937,0x9d0D3181E0d70A3ac218155723896C02Df387B31,,1,1
fear_blind83,3,8.0,910.11136,0,0,0.0,0,0,910.11136,0x658aBbeff3A93Ea218b41AE1533E97719D82884E,,1,1
nestiebein,8,8.0,910.11136,0,0,0.0,0,0,910.11136,0x20F80338D5ba454824AF2883e2796c41A52d12F8,,1,1
heftycontribution308,7,8.0,910.11136,0,0,0.0,0,0,910.11136,0x95CDeA5A36411dFd9Cd45b7e3e3b88777aBdF072,karma and/or age,0,0
physicaljoe3011,2,3.0,341.29176,1,2.0,725.90962,1,250,817.20138,0xA3B9703bE58185CC05C010B50Eba8f6dE69468a6,,1,1
donut-bot,9,7.0026,796.64323,0,0,0.0,0,0,796.64323,0xa8C8c9e18C763805c91bcB720B2320aDe16a0BBf,,1,1
mokhlis_jones,6,7.0,796.34744,0,0,0.0,0,0,796.34744,0x79Ae2a0f9E6f13f14A2C2811e94672cd12CE5A24,,1,1
cgi_ocd,6,7.0,796.34744,0,0,0.0,0,0,796.34744,0x88d47fbb374D979D2c0f1C0fFdB90E1320fDc2F5,,1,1
asad2047,11,6.8048,774.14072,0,0,0.0,0,0,774.14072,0xe0aDEBdE3CA7C878b6D69b3F76d89f07630F3541,,1,1
reasonable_voice5325,8,6.04925,688.18639,0,0,0.0,0,0,688.18639,0xC91df89e60b1429Dd75B7e5ffAc724E796860AA8,karma and/or age,0,0
coinfeeds-bot,7,6.0366,686.74728,0,0,0.0,0,0,686.74728,0xd056666321700092B032b2571431B2478cD6512E,,1,1
jake123194,6,6.0,682.58352,0,0,0.0,0,0,682.58352,0x48AFb64D55c79A2E711c14a2Bf903A7C3842baCC,,1,1
dieselpump510,5,6.0,682.58352,0,0,0.0,0,0,682.58352,0x49515072a2679E82Ac383B7c57bBD47221ba8116,,1,1
apprehensive-bat9354,6,6.0,682.58352,0,0,0.0,0,0,682.58352,0x6281E9f4D506d5154E811700DC09674e1af6A75F,karma and/or age,0,0
parush9,5,5.0,568.8196,0,0,0.0,0,0,568.8196,0x4002cF92BC9cd5a835bDb61ff3068C4363DA2f50,,1,1
k4yce,4,5.0,568.8196,0,0,0.0,0,0,568.8196,0xa682ff6C94C4df3fDb9aa7C7d5E9b0B2a84c1ef6,comments only,1,0
riskyroi,4,5.0,568.8196,0,0,0.0,0,0,568.8196,0xB235230E36e65556b864cBAA561221e50a6Ebe9a,,1,1
hamiflegetshelmaoism,4,5.0,568.8196,0,0,0.0,0,0,568.8196,0xc26f21C2786D15069Cb536c348bbaFF9B36Dd63D,,1,1
sir_mcfuckington,5,5.0,568.8196,0,0,0.0,0,0,568.8196,0xd08b3236b42240CD6adc46afd155AE104f8eFD8f,,1,1
soggyknotts,6,5.0,568.8196,0,0,0.0,0,0,568.8196,0x90d92323E9577C548864b53c321B0eADde892870,,1,1
trashtv,4,5.0,568.8196,0,0,0.0,0,0,568.8196,0x96aFCc1F5b4949571B6CB0b133167E217F14435A,,1,1
chiurro,6,4.5,511.93764,0,0,0.0,0,0,511.93764,0xd26b84a7c98ca65e53025f01169CCB8D156CA711,,1,1
inclinedumbbellpress,4,3.07435,349.75011,1,1.0,362.95481,1,250,462.70492,0x0F00d07f7A1F4129E1E2509A87d9968C2c356443,,1,1
defiboy,4,4.0366,459.21944,0,0,0.0,0,0,459.21944,0x641895f192A8105a0042f6d2Be612490b6679654,,1,1
roy1984,4,4.0,455.05568,0,0,0.0,0,0,455.05568,0x0cC7dAE1748e8E5371b2e2b47a5D9446E1D46546,,1,1
epicureanmystic,6,4.0,455.05568,0,0,0.0,0,0,455.05568,0x67Ef1DA6A8cF5Fe5089874F3175eA09e7F8d1cA1,,1,1
final_lionel,2,4.0,455.05568,0,0,0.0,0,0,455.05568,0xddeF3dca5B27622e53Bad51569db8f3F72EDd1F8,,1,1
jaded_protection_148,2,4.0,455.05568,0,0,0.0,0,0,455.05568,0x656d1235FF2f9762E09C9de39aD1E2ed504D6eC0,comments only,1,0
top_bit420,3,4.0,455.05568,0,0,0.0,0,0,455.05568,0x66CCC6ed3C6D763e8323932236382bf98f9A4403,,1,1
previousgate9376,4,4.0,455.05568,0,0,0.0,0,0,455.05568,0xa153B8bA53b8FE721bFAd52FcC8799B149833074,comments only,1,0
ice-flght,9,3.75145,426.77966,0,0,0.0,0,0,426.77966,0xdb45859C25c08a38f2cC04c17a04F76C0FC3191f,karma and/or age,0,0
extra_damage_8006,6,3.5735,406.53537,0,0,0.0,0,0,406.53537,0xD66C0e1FCd0281782630CCe6494143F9e9e5DFa2,karma and/or age,0,0
cryotosensei,2,3.5,398.17372,0,0,0.0,0,0,398.17372,0x714Ac7c57BE78759F57b3f4a240a5a6588316002,,1,1
oxydised,3,3.0,341.29176,1,0.83709,303.82584,1,250,395.1176,0xA18E5aBBEA07fa9a433B61d11D6de302ce78B85C,,1,1
doctorwho_cares,4,4.0,455.05568,1,0.4,145.18192,1,250,350.2376,0xB96F63E3a7C380214704893f8f38f91caF413321,,1,1
auspiciousether,1,3.0366,345.45552,0,0,0.0,0,0,345.45552,0x4786685C291e83294E03BdE3effDF18c82c21934,,1,1
michaelaischmann,4,3.0183,343.37364,0,0,0.0,0,0,343.37364,0xa18aBe5EDDaB2cdBF2837425FAaf32bd9B0085Dc,,1,1
quintavious_danilo,3,3.0141,342.89583,0,0,0.0,0,0,342.89583,0x27DFE0C3584F76C36953B27524F51c36aCcDCb71,,1,1
susanforeman,2,3.0,341.29176,0,0,0.0,0,0,341.29176,0xd1297Fbc37295462322f28881DBD9a557d4317e0,,1,1
yester_philippines,2,3.0,341.29176,0,0,0.0,0,0,341.29176,0x97EB58F86F1b67561990C933eB7a8426d139fa58,,1,1
sergey6116,3,3.0,341.29176,0,0,0.0,0,0,341.29176,0xE8C7db7Bef02e221b4Bc819f60E35e0FDAAa407E,,1,1
s-u_2,3,3.0,341.29176,0,0,0.0,0,0,341.29176,0x01D3d24F754D64C7F9942c00aEF89E6F64B4C205,,1,1
kappatalizable,3,3.0,341.29176,0,0,0.0,0,0,341.29176,0xEB9a6E724925B178d9627CE05208Cfe6A5C11447,,1,1
eirianware,1,3.0,341.29176,0,0,0.0,0,0,341.29176,0x59c3A1F26f30Ae8B0EA8bD86DF9b58dC75A01cf8,,1,1
milo5theboss,3,3.0,341.29176,0,0,0.0,0,0,341.29176,0x9686Ff2A4690ec5DB3010d8F9D4FDC8089F8E5fD,,1,1
heping_qi,3,3.0,341.29176,0,0,0.0,0,0,341.29176,0xd8A5eFf3d9Cb47638553C580fa7ad47f619295ca,,1,1
juntdough,3,3.0,341.29176,0,0,0.0,0,0,341.29176,0x15a8c8915ad920361646D42E647C55E86883B089,karma and/or age,0,0
dfeldsyo,3,3.0,341.29176,0,0,0.0,0,0,341.29176,0xBa2dd18c7A9903187a09ca6f6982afAD98847B32,,1,1
keycomplex,3,3.0,341.29176,0,0,0.0,0,0,341.29176,0xc9A82ef2E78E25a51dceAA3027213B8f6e7e9E50,,1,1
alternative_run_6116,4,3.0,341.29176,0,0,0.0,0,0,341.29176,0x0fb6fF2b04d9cA944cc9d1F4de5462Ab39E269Eb,,1,1
piratexela,2,3.0,341.29176,0,0,0.0,0,0,341.29176,0xD4b67E5b05d7e49eD05712fE55f10B165e9417F1,,1,1
itzonza,3,2.70305,307.50956,0,0,0.0,0,0,307.50956,0x89063aBf3708b4EDA91Ea15353F509B80C5395B2,,1,1
thebaldmaniac,3,3.0,341.29176,2,1.25,453.69351,2,500,294.98527,0x6ef7b67F8C001793705beBe9b2835ECB8209b942,,1,1
mattie_kadlec,1,1.0,113.76392,1,1.1663,423.31419,1,250,287.07811,0xF443e10e9d0FadD4b5153320B3F27840c2c7e5DC,,1,1
divyad,2,2.5,284.4098,0,0,0.0,0,0,284.4098,0xec84E1E9637DC208E2af5e1F6bB74B8fE6af7a5f,,1,1
chemicalanybody6229,9,11.18475,1272.421,0,0,0.0,4,1000,272.421,0xC8CCAf6A7276381d4103aA5aD1816C0fe8C9848f,,1,1
mallison945,4,2.3695,269.56361,0,0,0.0,0,0,269.56361,0x61b13c8435BA6BDb6D352d18F9ba6BDd02bb34a6,,1,1
verysillyman,6,2.27795,259.14852,0,0,0.0,0,0,259.14852,0xEe1B2A2679Da95479Bd6421Ae635598425083A49,,1,1
lennethluna,4,2.18475,248.54572,0,0,0.0,0,0,248.54572,0x8646c3b82527fd653Cd29392Eb178fd8C2e4e763,,1,1
wonderful_fun543,1,2.067,235.15002,0,0,0.0,0,0,235.15002,0x08C62DCC425fe1E6B1Ea7f2595Ad2E91C855bcbD,,1,1
poorbugger,3,2.0366,231.6916,0,0,0.0,0,0,231.6916,0xb4eC18135d80E7e1Bc474D4bc0850B8B4914830D,,1,1
floydrose,1,2.0026,227.82363,0,0,0.0,0,0,227.82363,0x3FB50231Cf7C20778e71DD1820c11Fc872CA250a,,1,1
the_doctor_bear,1,2.0,227.52784,0,0,0.0,0,0,227.52784,0x0595EAd488E47dB9558ce4a0619bcAb799A84b4C,,1,1
hkmamike,2,2.0,227.52784,0,0,0.0,0,0,227.52784,0xD9f39822b199EBe9A487519A458627e93b99Ceca,,1,1
vivarevo,2,2.0,227.52784,0,0,0.0,0,0,227.52784,0x8a945Ff7dBC68D7DEFeA264c9B838F6824671c01,,1,1
inverses2,2,2.0,227.52784,0,0,0.0,0,0,227.52784,0x9DF52385D1a5B46d32665b6869D8eBbcF12Fc2b7,,1,1
macktologist,2,2.0,227.52784,0,0,0.0,0,0,227.52784,0x3893362B4B8A62889529F5dD4ffA161433f793D0,,1,1
mrkay07,2,2.0,227.52784,0,0,0.0,0,0,227.52784,0x41520DA55f0cd3888b4115547b39D75EF151317d,,1,1
overallpersonality8,2,2.0,227.52784,0,0,0.0,0,0,227.52784,0x726D7a896cC7F301Dfecd0E04A0F1E857462a2fD,,1,1
thinkingperson,2,2.0,227.52784,0,0,0.0,0,0,227.52784,0x3B753afeE5EF08832Aff91C1556e080b4EFb680d,,1,1
olmops,1,2.0,227.52784,0,0,0.0,0,0,227.52784,0xCA7d56f69C1321DA5ac0fc68B2433A4B3c4624Dc,,1,1
updown_crypto,3,2.0,227.52784,0,0,0.0,0,0,227.52784,0x181BACB4c8bDc528Fa362001c0E4502723ABd279,,1,1
landswipe,1,2.0,227.52784,0,0,0.0,0,0,227.52784,0x9eb3d5ECBf8Af98c488cD57895a28E4c699dfA85,,1,1
weedrambo,2,2.0,227.52784,0,0,0.0,0,0,227.52784,0xfa103148EA6FeBE06f41Aa49c55181C1da99A265,,1,1
remedyiii,2,2.0,227.52784,0,0,0.0,0,0,227.52784,0x47F7f4a47e11e2B252aa9885C36B54cFa3Ce6eC1,,1,1
franyerbrito1,2,2.0,227.52784,0,0,0.0,0,0,227.52784,0x493861245086917d541e872Cc036deA0a93b45a0,karma and/or age,0,0
retroapropos,2,2.0,227.52784,0,0,0.0,0,0,227.52784,0x7259e63c70081180dcc8f07829b8514f13C3c186,,1,1
semi-auto-demi-god,1,2.0,227.52784,0,0,0.0,0,0,227.52784,0x97D19ee7AFbfe8A0565B10D21A9eA6cA84B3e955,,1,1
nataliemichaael,2,2.0,227.52784,0,0,0.0,0,0,227.52784,0x12086BC75D70e641D1d319622BF315E4e866ade3,,1,1
ethan85515,1,2.0,227.52784,0,0,0.0,0,0,227.52784,0x89494E644BaCDD7db1119021a5b607CC7Da8cfDb,,1,1
shib_army,2,2.0,227.52784,0,0,0.0,0,0,227.52784,0xE4cebdE475674EB709f3B169541386Bf326066Df,,1,1
bapfelbaum,1,2.0,227.52784,0,0,0.0,0,0,227.52784,0x94D7923914498FeC496E6F15cC7d30099f204EaC,,1,1
suffiana,1,2.0,227.52784,0,0,0.0,0,0,227.52784,0x09083F43B142043D4Da6A4404c582F4Ab6f2e37A,,1,1
reclaimer2401,1,1.51885,172.79033,0,0,0.0,0,0,172.79033,0xBeFd68e6A5b51022Abae8E72656c8aAd0847C41A,,1,1
kindly-wolf6919,1,1.5,170.64588,0,0,0.0,0,0,170.64588,0xEca23ebdfDf663d499891a833D22956a6f65DFA2,,1,1
noob_zarathustra,3,1.5,170.64588,0,0,0.0,0,0,170.64588,0xe8C3Ad78ff9fa9523EBD76D959EE76771492fE37,,1,1
xwarrioryz,2,1.5,170.64588,0,0,0.0,0,0,170.64588,0x31c057A4D4B47a854DBFe4f1A18aBA2330729c3d,,1,1
qldvaper88,2,1.5,170.64588,0,0,0.0,0,0,170.64588,0x233aB8F258590F31E0Ae07FA47477E3D09e74F65,,1,1
fussball9999,2,1.5,170.64588,0,0,0.0,0,0,170.64588,0x5584e428D5274b2f81dE2d4965D0CA84ef2daEc4,,1,1
rhamish,2,1.5,170.64588,0,0,0.0,0,0,170.64588,0x85150c35588675AB9a4EBA5008859F5259785568,,1,1
vish729,1,1.0,113.76392,1,1.5,544.43222,2,500,158.19614,0xD36313417662b5b5bFCbfabcb768839b1c87d3e4,,1,1
nobelcause,1,1.0,113.76392,1,0.75,272.21611,1,250,135.98003,0x57855ca297ECB91EF1BE3CE1e74B9492CF50C69C,,1,1
directionmundane5468,2,1.0377,118.05282,0,0,0.0,0,0,118.05282,0x36bB6F546eF2B1BAD4D4EC82e1e10981B30a1E04,,1,1
environmental_gobrrr,3,1.0377,118.05282,0,0,0.0,0,0,118.05282,0x7cb001d18eAB6578a53DF3a91438278D1691DDF7,,1,1
lordbobthewhale,2,1.0026,114.05971,0,0,0.0,0,0,114.05971,0x1e78FD249D43C378C3a3022273126E33210F78E8,,1,1
admirral,1,1.0,113.76392,0,0,0.0,0,0,113.76392,0x23930436f8ecBCC18149f68e82E60Eeb7b0aF4D0,,1,1
danksop,1,1.0,113.76392,0,0,0.0,0,0,113.76392,0xCDCd1f066495C6F3BFCEeb61BA44904E628f4f95,,1,1
dan7899,1,1.0,113.76392,0,0,0.0,0,0,113.76392,0xBEa17646794d743fAd042BFA8563b1e97518ac1c,,1,1
mrjune2040,1,1.0,113.76392,0,0,0.0,0,0,113.76392,0xa433d3e9B1390e5691Ace268484b8Ac23120Fad4,,1,1
straylit,1,1.0,113.76392,0,0,0.0,0,0,113.76392,0x5Bd730983b2a45C1D7C6fBd3552ABe62737c6234,,1,1
peacockmamba,1,1.0,113.76392,0,0,0.0,0,0,113.76392,0x81c257f559196aE212776c47044dd082858A11DA,,1,1
sufkas,1,1.0,113.76392,0,0,0.0,0,0,113.76392,0x54698F254129B5F8499383765ea697D1a865060e,karma and/or age,0,0
wytherlanejazz,1,1.0,113.76392,0,0,0.0,0,0,113.76392,0x9663DcbcF075ab5d3A1aE2e96A52DbdD88c886Ff,,1,1
wzi,1,1.0,113.76392,0,0,0.0,0,0,113.76392,0xeFd1035AE7faAA3EA5620bda7259a8c9652FB6E6,,1,1
ra246,1,1.0,113.76392,0,0,0.0,0,0,113.76392,0x9A67861E3470c2069077F78B65a8f9632Dc6D51A,,1,1
lord-nagafen,1,1.0,113.76392,0,0,0.0,0,0,113.76392,0xCB5a385fBfc15929c18E1Df889a2073aDE320588,,1,1
infernoswelt,1,1.0,113.76392,0,0,0.0,0,0,113.76392,0xD483d83053BC42C32119fFe7a0a7A3373A05A6c8,,1,1
thesilverbug,1,1.0,113.76392,0,0,0.0,0,0,113.76392,0xE97fbe9ff8A1d73C6b8CE13147AE71E8d7ceccd6,,1,1
megselepgeci,1,1.0,113.76392,0,0,0.0,0,0,113.76392,0xe0ADe6c4900d80Abd8cc8C462F8F9F586b5Cd065,,1,1
chillinewman,1,1.0,113.76392,0,0,0.0,0,0,113.76392,0xC9BEd71F2F1760002864E7ecCAA8C3f36fFc4745,,1,1
notgaf,1,1.0,113.76392,0,0,0.0,0,0,113.76392,0x59C0Efb47bb1d5EFD0f9960C60d11a459d32426B,,1,1
rundown03,1,1.0,113.76392,0,0,0.0,0,0,113.76392,0x76b5c2c7974769C888770bE4F5D15d3a37711bBF,,1,1
jaskidd05,1,1.0,113.76392,0,0,0.0,0,0,113.76392,0x0201b4b842aD23E33A5762982cDebACfEeC170E8,,1,1
theelusivefox,1,1.0,113.76392,0,0,0.0,0,0,113.76392,0x577a9E28fBB2e0b41b94fD96F33B1dDD308259E3,,1,1
whodontloveboobs,2,1.0,113.76392,0,0,0.0,0,0,113.76392,0x133299c1c5bc0C64eb1365444031fDa1161E0F58,,1,1
ch40440,1,1.0,113.76392,0,0,0.0,0,0,113.76392,0xde7718A7Fbc0B4d7E6898aB32F26358668062Ddb,,1,1
raresanevoice,1,1.0,113.76392,0,0,0.0,0,0,113.76392,0x8ad4F9ce9bC2dFEafF948Fd7E11e9cbd1c926438,,1,1
milonuttigrain,1,1.0,113.76392,0,0,0.0,0,0,113.76392,0x40a255d2897129097c73E174D7abfE54BFb205Ee,,1,1
dlhebt,1,1.0,113.76392,0,0,0.0,0,0,113.76392,0x7d099273bdb0A3D9642b4caE634bFD43f2E4f800,,1,1
strongkhal,1,1.0,113.76392,0,0,0.0,0,0,113.76392,0x6D083f836B5DF32E73d000b002CF5Fd47DCffD1F,,1,1
cm19901,1,1.0,113.76392,0,0,0.0,0,0,113.76392,0x676eDd42FcB0dC9852036cf6eCa52d3BE9204DFb,,1,1
greedvault,1,1.0,113.76392,0,0,0.0,0,0,113.76392,0xE809f4C6959610ad7d05C4117624f47d0554cCa7,,1,1
beerdrinker_mavech,1,1.0,113.76392,0,0,0.0,0,0,113.76392,0x0ab9cb780BAAbd1aC9b93b31A756E255905106A0,,1,1
diamond_hands420,1,1.0,113.76392,0,0,0.0,0,0,113.76392,0x769cE0D500a19103965bC9E4b8642d89D892fD62,,1,1
frozengrandmatetris,1,1.0,113.76392,0,0,0.0,0,0,113.76392,0xDa0aaD3872c0CdCf27F2Cf19526f117337a56b65,,1,1
uyghursinparis,1,1.0,113.76392,0,0,0.0,0,0,113.76392,0xeE3EE66CAeB47AD5Ad289efcfEBD30e2838c47Ec,,1,1
shock188,1,1.0,113.76392,0,0,0.0,0,0,113.76392,0xf9A4D6d0f2672AA14B067b01ea1967AD869Ab520,,1,1
alteredcabron2,1,1.0,113.76392,0,0,0.0,0,0,113.76392,0x747E67192D4739137aeEc2B0025F2fB8d3FCe896,,1,1
nagemasu,1,1.0,113.76392,0,0,0.0,0,0,113.76392,0x91d08fd2D95C18012859ca068DA9445E61B9f64a,,1,1
edgelord19941,1,1.0,113.76392,0,0,0.0,0,0,113.76392,0x660EfE47bd8e2A0caCf60bfAA99296d11dE79BD9,,1,1
subdep,1,1.0,113.76392,0,0,0.0,0,0,113.76392,0xeCf56076be8790a24E44f6c27D6Fe304754eCF41,,1,1
consistent-stage-217,1,1.0,113.76392,0,0,0.0,0,0,113.76392,0x1bE469dDB5eCe81e478f65F5b1fDa4bcfEa879A4,,1,1
bleakj,1,1.0,113.76392,0,0,0.0,0,0,113.76392,0xF203aC318793490384281Dd3516f3Cb2Fe16865A,,1,1
greenwolf_12,1,1.0,113.76392,0,0,0.0,0,0,113.76392,0xe0c5b09eb1616b948103FDa95d69c9b7503a4c15,,1,1
99mushroom99,1,1.0,113.76392,0,0,0.0,0,0,113.76392,0x9671533F566EBAc97c139B07A4B707F9D5733b26,,1,1
coveryourmaskholes,1,1.0,113.76392,0,0,0.0,0,0,113.76392,0x767d2d99d48Ec9b41E8221e9DA9d8Acd2C3B55c9,,1,1
mrreed404,1,1.0,113.76392,0,0,0.0,0,0,113.76392,0x3C622c1c3652d00800233b527ba7fCA4b7e6EEc5,comments only,1,0
profitablecheetah,1,1.0,113.76392,0,0,0.0,0,0,113.76392,0xb39c193112774F13279e3819A1b2361Fa6C70F96,,1,1
ryan1064,1,1.0,113.76392,0,0,0.0,0,0,113.76392,0xb404f17AC0bB2B51D5a24620E36575D8ae95A857,,1,1
crimson_kira,1,1.0,113.76392,0,0,0.0,0,0,113.76392,0x441D2B234EdDf6055F67eA94C4E24D70dB7d64de,,1,1
its-magnetic,1,1.0,113.76392,0,0,0.0,0,0,113.76392,0xD15cD7524381dc357B007913ee4fE7709CEf69d5,,1,1
garugasrevenge,1,1.0,113.76392,0,0,0.0,0,0,113.76392,0xe031D22C0906FA6dcA2B37588Fca6a19A64952A3,,1,1
watchface38,1,1.0,113.76392,0,0,0.0,0,0,113.76392,0xb6424cdCaDD6aee3ba19183066F0D32805E3A001,,1,1
no-delivery-7048,1,1.0,113.76392,0,0,0.0,0,0,113.76392,0x94c2C0AF43FAc413Abdd05D977D8574B2c2f97f4,,1,1
tip2663,1,1.0,113.76392,0,0,0.0,0,0,113.76392,0x3B2a1180425C5D1364367Aa7309099748e534E2b,,1,1
zkrooky,1,1.0,113.76392,0,0,0.0,0,0,113.76392,0x1C407037C00Bd2Cd78a30913fD1Dd02f420cD1Be,,1,1
imdoubleb,1,1.0,113.76392,0,0,0.0,0,0,113.76392,0xE8c77e0eAbD6d8b2F54343152a8b213d3a42E54E,,1,1
ok_ad9519,1,1.0,113.76392,0,0,0.0,0,0,113.76392,0x6E57113eB2817fbf1088B5014791afb419Ec1cDf,karma and/or age,0,0
alceow,1,1.0,113.76392,0,0,0.0,0,0,113.76392,0x43c27919211c8c27eb839EE2D2CfD0da32B5a330,,1,1
maddhy,1,1.0,113.76392,0,0,0.0,0,0,113.76392,0x6Fa5f575b4d507c9200FCFcB9752C4FBF35B86ca,,1,1
knownpride,1,1.0,113.76392,0,0,0.0,0,0,113.76392,0xEb9C2D8c906e7D163eA346912723BDcA89e93AaB,,1,1
ma78l,1,1.0,113.76392,0,0,0.0,0,0,113.76392,0x55358E4456aE69A250818ADD1701abad79C3e229,,1,1
beniskickbutt,1,1.0,113.76392,0,0,0.0,0,0,113.76392,0x19b7Ff59d304F7F696f263B155F50D6DD91e8ddD,,1,1
macerer-x,1,1.0,113.76392,0,0,0.0,0,0,113.76392,0x11b414f287929aB0136d273C797c8CB66936352f,karma and/or age,0,0
neurogajin,1,1.0,113.76392,0,0,0.0,0,0,113.76392,0x0a97f7e239D17faFdc3ffb76E4355759a76052B4,,1,1
echoenclosure,1,1.0,113.76392,0,0,0.0,0,0,113.76392,0x42e84F0bCe28696cF1D254F93DfDeaeEB6F0D67d,,1,1
puzzleheaded-win8911,1,1.0,113.76392,0,0,0.0,0,0,113.76392,0x4e23C07af97d0e418A576FE7b008ad2176183DD5,karma and/or age,0,0
visionblurry,1,1.0,113.76392,0,0,0.0,0,0,113.76392,0xA6bf3684a1c3E9f8d89EEEBC56317732F3Ac7286,,1,1
original_roneist,1,1.0,113.76392,0,0,0.0,0,0,113.76392,0x18354EC9DB5F71391209319a8f7e557b556fBDD4,,1,1
tryhardian,1,1.0,113.76392,0,0,0.0,0,0,113.76392,0xF35B3B8EdC37500B7309181F051B40bFB0324838,karma and/or age,0,0
dieselx22,1,1.0,113.76392,0,0,0.0,0,0,113.76392,0xA173d0cd58d39451B20BcCAd41658aD96760D95C,,1,1
creeptoecurrentsea,1,0.68475,77.89984,0,0,0.0,0,0,77.89984,0x1e6FF9e5E7C301A6290Dd14662273A5E5817a2A6,,1,1
spliffyshirt,1,0.51885,59.02641,0,0,0.0,0,0,59.02641,0x64a993b47Ee9b17772b0BB79d96815d47449e5A3,,1,1
chrisnba24,3,0.51885,59.02641,0,0,0.0,0,0,59.02641,0xb7cBb6af9392a9370E902B3509b9F03f80Bbb42a,karma and/or age,0,0
jackieknows,1,0.5,56.88196,0,0,0.0,0,0,56.88196,0xD4147645B665090AeB0b66c10C054Ff3Eea34c31,,1,1
cryptoislife_k,1,0.5,56.88196,0,0,0.0,0,0,56.88196,0x30cB261c804bA4DF98B764d36097b5D31AD5c1C0,,1,1
mattg1981,1,0.5,56.88196,0,0,0.0,0,0,56.88196,0x2c64c11CaD069E26c72d8ffD43905985a9100252,,1,1
physicallodging,0,0,0.0,1,0.75,272.21611,1,250,22.21611,0x100301F03299C90EC2945f64Db1f9F4e424d71F2,,1,1
unique_astronaut_567,3,2.18475,248.54572,0,0,0.0,1,250,-1.45428,0xB242B6B653E871Ed5B233b1812C26a4AFDa5616C,karma and/or age,0,0
prestigious_lemon482,3,2.0,227.52784,0,0,0.0,1,250,-22.47216,0x4cC0F56E992D5CC3F7D320f2B40fA3f2De6ea9E6,karma and/or age,0,0
r4fazozovisk,2,2.0,227.52784,0,0,0.0,1,250,-22.47216,0xADe5ef5197b28E13658df46952db9ce5177FdDac,comments only,1,0
absurdcriminality,1,1.0,113.76392,1,1.0,362.95481,2,500,-23.28127,0x274D4683df3de9669eC06E88e716A0aEc513b988,,1,1
jclaslie,0,0,0.0,1,0.52875,191.91236,1,250,-58.08764,0x49BFaBf1904FE272ef4097164C2e8524c6B27716,,1,1
sentbygodtojudge,4,3.0,341.29176,2,0.86675,314.59108,3,750,-94.11716,0x509c52747aD070dA38f26f36C30c337eA7f90b34,karma and/or age,0,0
next-respect-1311,1,1.0,113.76392,0,0,0.0,1,250,-136.23608,0xB206108a05c1a9e1AfE72642bBbA94FD3f14d48c,comments only,1,0
raar__,0,0,0.0,1,0.2,72.59096,1,250,-177.40904,0xFB171d27DE921b8Fd935182b40C6a82c6c917c6f,,1,1
criticalcobraz,3,4.0,455.05568,2,2.0,725.90962,7,1750,-569.0347,0xdBdD159aC55fCc78b67F15751A9cB66d395eCb1F,,1,1
parishyou,1,1.0,113.76392,2,2.56222,929.97189,7,1750,-706.26419,0x9DdA0dA917BeACbcd99c39575877C2AfA2769fbC,deleted or shadow ban,0,0
catuttttttt,1,1.0,113.76392,2,1.0,362.95481,5,1250,-773.28127,0x98e67040d1Ff8E0E44ef6A0F65eC75DA965a15dc,perma ban,0,0
ironmoosen,0,0,0,0,0,0,0,0.0,0,0,,1,1
BicycleOfLife,0,0,0,0,0,0,0,0.0,0,0,,1,1
code4578i,0,0,0,0,0,0,0,0.0,0,0,,1,1
PM_ME_UR_AMOUR,0,0,0,0,0,0,0,0.0,0,0,,1,1
Atorcran,0,0,0,0,0,0,0,0.0,0,0,,1,1
InsaneMcFries,0,0,0,0,0,0,0,0.0,0,0,,1,1
nuclearwastewater,0,0,0,0,0,0,0,0.0,0,0,,1,1
Fantastic_Climate296,0,0,0,0,0,0,0,0.0,0,0,,1,1
wales-bloke,0,0,0,0,0,0,0,0.0,0,0,,1,1
qtask,0,0,0,0,0,0,0,0.0,0,0,,1,1
Ok_Teacher_6834,0,0,0,0,0,0,0,0.0,0,0,,1,1
Ambitious-Forever248,0,0,0,0,0,0,0,0.0,0,0,,1,1
todayisyadone,0,0,0,0,0,0,0,0.0,0,0,,1,1
