user,points,funded,tips
mattg1981,947.54000,1,946.54000
aminok,59242.00000,60100,-858.00000
kirtash93,313.83000,0,313.83000
Friendly-Airline2426,60.90070,0,60.90070
Fredzoor,266.40000,0,266.40000
TheNano100,74.92420,0,74.92420
Buzzalu,-601.59040,0,-601.59040
goldyluckinblokchain,-236.85650,0,-236.85650
MrPuma86,-329.88000,0,-329.88000
Modern_Orange,1.00000,0,1.00000
Ben_Pars,-49.11000,0,-49.11000
rootpl,9.68000,0,9.68000
bvandepol,94.56000,0,94.56000
pythonskynet,127.54420,0,127.54420
rikbona,-641.05000,0,-641.05000
anotheralien22,-3.38000,0,-3.38000
LegendRXL,-3.38000,0,-3.38000
FattestLion,8.71000,0,8.71000
dead-spiral,-38.37000,0,-38.37000
lordciders,-1.00000,0,-1.00000
Arafel_Electronics,-1.00000,0,-1.00000
donut-bot,1.00000,0,1.00000
SuperNoise5209,-4.00000,0,-4.00000
good2youall,-33.76000,0,-33.76000
cryotosensei,8.69000,0,8.69000
Jake123194,-405.00000,0,-405.00000
RealLeoPat,3.90000,0,3.90000
F-machine,32.00000,0,32.00000
actuatorsif5,98.90000,0,98.90000
rare1994,-20.62000,0,-20.62000
Bringerofsalvation,18.00000,0,18.00000
Sharp-Subject-047,-15.78000,0,-15.78000
Pibo1987,-12.66000,0,-12.66000
TheOneWhoCared,-315.77000,0,-315.77000
Honey_-_Badger,27.50000,0,27.50000
Prog132487,135.43000,0,135.43000
Professional-Monk811,2.00000,0,2.00000
flavoredbeef,2.00000,0,2.00000
DrRobbe,-2.00000,0,-2.00000
Every_Hunt_160,154.01556,0,154.01556
Fiddlers-list,-5.90000,0,-5.90000
changhuanese,2.00000,0,2.00000
Sky-876,74.89000,0,74.89000
doctorwho_cares,-19.00000,0,-19.00000
DIYrself,35.00000,0,35.00000
partymsl,1.00000,0,1.00000
Downtown_Yam9137,-5.24000,0,-5.24000
eonesimoszsss,-3.38000,0,-3.38000
Goonzoo,-13.62000,0,-13.62000
ellileon,0.61690,0,0.61690
breathe345,1.00000,0,1.00000
Odd-Radio-8500,16.90000,0,16.90000
AltruisticPops,22.31000,0,22.31000
tahiraslam8k,-3.45000,0,-3.45000
Creative_Ad7831,-18.18000,0,-18.18000
yester_philippines,67.71000,0,67.71000
BlueMugg,9.00000,0,9.00000
Lillica_Golden_SHIB,1.00000,0,1.00000
Murky-Statistician45,46.00000,0,46.00000
OldDomainer,27.13400,0,27.13400
diarpiiiii,0,0,0
Prestospin,2.00000,0,2.00000
Prestospin,2.00000,0,2.00000
CreepToeCurrentSea,3.53000,0,3.53000
MonitorFlat229,75.49000,0,75.49000
DBRiMatt,93.41000,0,93.41000
S-U_2,14.00000,0,14.00000
sadsissyphus,69.00000,0,69.00000
Ben_Dover1234,-91.23400,0,-91.23400
SuperbCantaloupe1929,15.00000,0,15.00000
dtol2020,6.90000,0,6.90000
cajunrajing,10.00000,0,10.00000
Guldrion,-1.00000,0,-1.00000
MichaelAischmann,-2.69000,0,-2.69000
Kindly-Wolf6919,-4.89000,0,-4.89000
Gorbachev_,17.87000,0,17.87000
emyfsh201,-4.00000,0,-4.00000
raresanevoice,-7.14000,0,-7.14000
foreignGER,-3.20000,0,-3.20000
Lokiee0077,48.49000,0,48.49000
ASingleGuitarString,-51.44800,0,-51.44800
KompolNakBroMek,46.02000,0,46.02000
tambaybtc,-18.33000,0,-18.33000
Yellowflash274,1.00000,0,1.00000
letsridetheworld,15.59000,0,15.59000
reddito321,395.78000,0,395.78000
Electrical_Tension,-30.09000,0,-30.09000
SlowpokesEmporium,1.69000,0,1.69000
Carretje,-15.00000,0,-15.00000
Mundane-Farm-4117,2.00000,0,2.00000
evil_betty_,1.00000,0,1.00000
HarryDotter420,25.33200,0,25.33200
PirateSKB,1.00000,0,1.00000
GreedVault,2.00000,0,2.00000
The_Rise_Of_Kyoshi,12.28000,0,12.28000
Gubbie99,49.39000,0,49.39000
Malixshak,-16.00000,0,-16.00000
mochi_ball223,56.69000,0,56.69000
pizzapicnic,17.28000,0,17.28000
NSFWCryptoPosting,-8.00000,0,-8.00000
ChunkyFunkyGoodness,6.90000,0,6.90000
Xylon818,2.00000,0,2.00000
Visible-Ad743,2.00000,0,2.00000
telejoshi,-21.00000,0,-21.00000
ImperialSoldiers,2.00000,0,2.00000
crayontastegood,1.69000,0,1.69000
ablablababla,1.00000,0,1.00000
KIG45,5.00000,0,5.00000
ShadowKnight324,76.22000,0,76.22000
ReitHodlr,20.04000,0,20.04000
lucashcy_97,-1.00000,0,-1.00000
pc1e0,2.00000,0,2.00000
illbeback_69,-23.75000,0,-23.75000
WineMakerBg,1.00000,0,1.00000
wen_eip,-69.42000,0,-69.42000
inevitable_username,5.00000,0,5.00000
maskedbrush,8.00000,0,8.00000
ced-uca,6.90000,0,6.90000
garysei124,10.00000,0,10.00000
Wrong-Spirit-391,2.63000,0,2.63000
Albinonite,-6.69000,0,-6.69000
carlslarson,5.00000,0,5.00000
CrispyDonutBot,2.00000,0,2.00000
DrestinBlack,2.00000,0,2.00000
verysillyman,6.90000,0,6.90000
Sunryzen,5.22000,0,5.22000
middlemangv,69.00000,0,69.00000
Nabzzzzz00,6.00000,0,6.00000
cryptopunk661,2.00000,0,2.00000
DrengDrengesen,-8.00000,0,-8.00000
terp_studios,3.00000,0,3.00000
Abdeliq,48.10690,0,48.10690
boiboi3434,1.05444,0,1.05444
teeceaustralia,5.00000,0,5.00000
vmguld,-2.20000,0,-2.20000
Elon_mkus,136.00000,0,136.00000
feric89,1.00000,0,1.00000
Huelino,3.00000,0,3.00000
InevitableComplex895,-8.00000,0,-8.00000
Eth_Man,-33.32000,0,-33.32000
Aakarsh_K,7.90000,0,7.90000
Mrkay07,8.00000,0,8.00000
MasterpieceLoud4931,7.69000,0,7.69000
erizi0n,1.00000,0,1.00000
Samir2298,-3.00000,0,-3.00000
InsaneMcFries,-20.00000,0,-20.00000
JoNwOrDy,1.00000,0,1.00000
Cyrus-114,-5.00000,0,-5.00000
Mrramirez44,5.00000,0,5.00000
DinoCoiner,0,0,0
DinoCoiner,2.00000,0,2.00000
Simple_Mastodon9220,-1.00000,0,-1.00000
PeacockMamba,3.22000,0,3.22000
deluded_soul,5.14000,0,5.14000
MrPuffer23,-1.00000,0,-1.00000
SeatedDruid,1.69000,0,1.69000
SwingContent6806,-14.00000,0,-14.00000
bzzking,8.00000,0,8.00000
Icy-Profile-1655,10.00000,0,10.00000
SharkOwO,0,0,0
economist_kinda,9.42000,0,9.42000
ChillCoyote,1.00000,0,1.00000
Abysskitten,7.90000,0,7.90000
Giga79,5.00000,0,5.00000
Ok_Election7896,-2.00000,0,-2.00000
dont_agree_with_me,196.00000,0,196.00000
SoulUrgeDestiny,-381.00000,0,-381.00000
No-Elephant-Dies,10.00000,0,10.00000
OgCone,5.00000,0,5.00000
Planktons_Eye,5.00000,0,5.00000
Expensive_Mess_7954,25.00000,0,25.00000
MantisToboggan66,5.00000,0,5.00000
legionticket,-2.00000,0,-2.00000
GreekGod0007,5.10000,0,5.10000
n1ghsthade,5.00000,0,5.00000
redditisalt,-30.00000,0,-30.00000
Wrench555,2.00000,0,2.00000
ProfBullishChad,-1.00000,0,-1.00000
jamesrosshill,1.00000,0,1.00000
Budget_Muffin7766,1.00000,0,1.00000
Odlavso,3.00000,0,3.00000
Atorcran,1.69000,0,1.69000
cryptbunks,9.14000,0,9.14000
raymv1987,-4.00000,0,-4.00000
Nyarlatotep781,50.00000,0,50.00000
