from_user,from_address,to_user,to_address,tx_hash,block,amount,weight,token,content_id,timestamp
,0x90Fc45639dFc2C652A757Bf04daF45662F3BC36B,,0x439ceE4cC4EcBD75DC08D9a17E92bDdCc11CDb8C,0xde9008d41546c80c5476bbe5f0170d947fbf9d1b014729473468c3436fcaa55e,235867381,1000,0.0,donut,t3_1ebr03f,2024-07-25 05:08:22
kirtash93,0xa51731189c99832A2ba2f28C6c2dc1Db451F3a2e,bazooka_star,0xD542a50Ba9181DAA549B882752b7Be621355dFce,0xf71dbdb267a219f2d8b7e99c0ff4ec5dbb3cf5b8a7fd14618193eefefcaf23b4,233463206,1,1.0,donut,t3_1e67xmt,2024-07-18 05:30:13
carlslarson,0x95D9bED31423eb7d5B68511E0352Eae39a3CDD20,aminok,0xbEA18A39a1cEe253705eB5e966fe23F26dD109eF,0xa81978d98e66a5beda55b0340e484f1607edc243d32afa209f80e70655d706f2,212278983,100,1.0,donut,t3_1cua3hx,2024-05-17 14:14:27
Kindly-Wolf6919,0xEca23ebdfDf663d499891a833D22956a6f65DFA2,Friendly-Airline2426,0xCA7faf6c0441049e2F449fbA86B77587987A21Fe,0xf2dca90663fb6e6b9e60e8208982356a58084ec23916964297a2cc1d2ac87458,206403960,1,1.0,donut,t3_1cgspav,2024-04-30 09:18:23
Kindly-Wolf6919,0xEca23ebdfDf663d499891a833D22956a6f65DFA2,Friendly-Airline2426,0xCA7faf6c0441049e2F449fbA86B77587987A21Fe,0x2d8081b0b8108a5c8e462b3b21c38cf380eb6d6735b6fd37904caea9dc2ec446,206095396,5,1.0,donut,t3_1cg2rh6,2024-04-29 11:36:30
kirtash93,0xa51731189c99832A2ba2f28C6c2dc1Db451F3a2e,goldyluckinblokchain,0xbfE08A5301906f5B5C1DB7E61Ae5A9420afcAF4A,0x52fdc9fcb62fbcea21b13ee52ff32c5090dea44130b56097e660a63c75cd0afe,205045783,1,1.0,donut,t3_1cdlqju,2024-04-26 09:56:37
kirtash93,0xa51731189c99832A2ba2f28C6c2dc1Db451F3a2e,goldyluckinblokchain,0xbfE08A5301906f5B5C1DB7E61Ae5A9420afcAF4A,0x5882a7e9c5f1e66179d7ddefe03bea4f8b1371314692bdb171701058fab23dad,205045085,1,1.0,donut,t3_1cdlqju,2024-04-26 09:53:39
Buzzalu,0xb89CB46A5Cf811b99A3608C8b9e63aD0DE990Fe0,mattg1981,0xd762e68a2d30ab4d836683c421121AbB5b3e1DcC,0xcca564e1a3c1099a24d69c9c2b0023f2dbb51f72a68fbc4283554411f1dd5668,199949232,2,1.0,donut,t3_1c1fxmn,2024-04-11 10:36:18
mattg1981,0xd762e68a2d30ab4d836683c421121AbB5b3e1DcC,reddito321,0xbE8793cE3eA65A70BdA8C0364981f900Ad80d9dB,0x06affe05aef79bd026675eda8253f073207b368b98eb840541c1b8a387b435fb,199923848,1,1.0,donut,t3_1c1dqf0,2024-04-11 08:47:30
mattg1981,0xd762e68a2d30ab4d836683c421121AbB5b3e1DcC,carlslarson,0x95D9bED31423eb7d5B68511E0352Eae39a3CDD20,0xc535f6ae87617e62368be2f88f6fb919c5794303945be15875c1ee2f1d4bce16,194075377,1,1.0,donut,t3_1bfke3w,2024-03-25 08:46:32
mattg1981,0xd762e68a2d30ab4d836683c421121AbB5b3e1DcC,carlslarson,0x95D9bED31423eb7d5B68511E0352Eae39a3CDD20,0x4f7eb03c95cef851b215c518f9ce816ee2d670639c6e8c1cc423a21cd5c4bb18,191745022,1,1.0,donut,t3_1bfke3w,2024-03-18 14:20:29
Kindly-Wolf6919,0xeca23ebdfdf663d499891a833d22956a6f65dfa2,jimfird,0x21A7bD1dd5Cf177c99CaF2436b4930586Ab40E45,0x44a0721edf30ea2a165d32b5d5c61a1a1c7b352b99bd3662ace640b29f6ea2f7,33292954,1,1.0,donut,t3_1bv2tdd,2024-04-05 12:50:00
ethereum88,0x191692f362fc815f39ed894926cfd5e672e35b3e,mattg1981,0xd762e68a2d30ab4d836683c421121AbB5b3e1DcC,0xd8eb4367475a7fc0a9e23681d717342ecbcf262a6414be6939037663c6dd074f,33238280,1,1.0,donut,t3_1bl00ho,2024-04-02 05:13:15
Kindly-Wolf6919,0xeca23ebdfdf663d499891a833d22956a6f65dfa2,Every_Hunt_160,0x51fa5238F563A48B050bdc69A1Ca91358f1BB337,0xf5d26c733ead4cdc9c219046f8577785eb5099638a3edf5a771ca3bfe9669d6c,33124464,0.69,1.0,donut,t3_1bo6qb6,2024-03-26 07:40:40
Kindly-Wolf6919,0xeca23ebdfdf663d499891a833d22956a6f65dfa2,DBRiMatt,0xFEdD14d3a32FaAbfbd6E290fAA73Aec58e894650,0x9eb40d6d55a6392fd3fb4926d8adb8a2393b436b2e004e3e78fc1153dd5e3712,32941906,1,1.0,donut,t3_1bfa8lj,2024-03-15 06:31:35
Kindly-Wolf6919,0xeca23ebdfdf663d499891a833d22956a6f65dfa2,ominous_anenome,0xFC9d2b61E2F29805232D4a6512dE853b2A00381b,0x125cfee15fe13fca9211d27c6aae9f3a07b2d4d0552c2e65271af352664e14fa,32941643,2,1.0,donut,t3_1bf4ds8,2024-03-15 06:08:50
Kindly-Wolf6919,0xeca23ebdfdf663d499891a833d22956a6f65dfa2,ASingleGuitarString,0x870d6C65E99EeE634165150282c68Ee88A5eC6b1,0xcbf11ecb2d5c7ba441fe6279bede987845ee8c695b9e2575ddaaba50fce3c479,32941606,1,1.0,donut,t3_1bf9pz6,2024-03-15 06:05:35
Kindly-Wolf6919,0xeca23ebdfdf663d499891a833d22956a6f65dfa2,,0xe77D2793F6B75A92BF25F797056Fc4693C1bE2d6,0xc62380d79dab124c2de0dd60d32bf9dcc61175a8fe18d50e8ee639148b2c6d31,32928317,1,1.0,donut,t3_1bdvucf,2024-03-14 10:52:30
Kindly-Wolf6919,0xeca23ebdfdf663d499891a833d22956a6f65dfa2,SigiNwanne,0xD90C22d2Da086Eaf293E6Ca056116C7d08DecA47,0xdcb6e05f5a8d58402a4629da6522fda8039f234e879aba27ee8ebce8ef0c9c35,32878444,1,1.0,donut,t3_1bc44u5,2024-03-11 10:14:50
Kindly-Wolf6919,0xeca23ebdfdf663d499891a833d22956a6f65dfa2,goldyluckinblokchain,0xbfE08A5301906f5B5C1DB7E61Ae5A9420afcAF4A,0x2266724a2a3a3153360485484e58a4ec827bff7dbcfe2efa333b1e4351288ad9,32833900,10,1.0,donut,t3_1b9z6kl,2024-03-08 17:01:25
good2youall,0x3c1bcb3bb9d6a551ccb2f37201c084a407e8fb0c,,0xdbE2281A66AD700291B051eEe4256758299EbcDC,0x9d321700f72aa0d585067abe6e2f0f15c61f402a4e4c64daa0887a8fc2f70579,32800259,1,1.0,donut,t3_1b8brv9,2024-03-06 16:21:20
good2youall,0x3c1bcb3bb9d6a551ccb2f37201c084a407e8fb0c,sadiq_238,0xBa8d21E4436CB843E355C56525467D894396F75c,0x086da485c5b5ebac1aca4464e7eb8ba5b432e9c0ccddd1641730f07c6bc042ae,32794604,2,1.0,donut,t3_1b80fir,2024-03-06 08:09:25
good2youall,0x3c1bcb3bb9d6a551ccb2f37201c084a407e8fb0c,,0x682b5664C2b9a6a93749f2159F95c23fEd654F0A,0x7ccfdc38e82d47536f9ee9c717f24a460278aba9fea02065aaf20e8cad89cb7d,32785640,2,1.0,donut,t3_1b7mfz2,2024-03-05 19:13:45
bkcrypt0,0xe003c45a1b4afbbeb0816053fd90c7c91c8d32ab,yamaniac123,0xD19CC2909D5deDd50ed431d1439f7cF3f8D2AA0a,0x32ce0b1c4b08e7e2dfd31245cac477b1f11897f84449e19e9ec41ff260f95bd9,32422139,1,1.0,donut,t3_1apbwxb,2024-02-12 16:51:30
