address,qty,username
0xF233ef00009ba3BC1a5872678Fb8E6e81089f5FF,3,DaRunningdead
0x80148c5d2b61182107f43FAE67f8F2ec4b5dbcDE,3,Basoosh
0x9F8FC4F34eA672796e0ce794BBfC88506003dd5b,3,internetisbad23
0xd90deab1894f334febcB808b4b44265Be463aAa2,3,Mixdealyn
0xE40EaDCD565221B63bB106D668baa43941B53a65,3,LegendRXL
0x6fa6922842FD09782A61b3B11ab4fb00EB87B1C0,3,AltruisticPops
0x613fF14bF204127bc672Ddc8A4480FCf5c6D9F99,3,RealLeoPat
0x02977d017bf7002b5B8f32C1D2F3024f96eaB73b,3,King__Robbo
0x65C33426B9eB958dA182d008f3e40597398Eb752,3,BigRon1977
0x0c4B8B79E0ebA3e407Bc175176Db496474046e9a,3,0xMarcAurel
0xD542a50Ba9181DAA549B882752b7Be621355dFce,3,bazooka_star
0x94f5926AD5902b41588097788A1e84884aCE4494,3,CymandeTV
0x16Bd6F1d0d3a5c039ca67e0Da0DEa4bA3823bB23,3,MasterpieceLoud4931
0x795065F0368BE7149140D2b134fe2bA072db42AE,3,Odd-Radio-8500
0x5ce03C34F851066DA7a7392526a7EC4F81790e1D,3,Creative_Ad7831
0xFEdD14d3a32FaAbfbd6E290fAA73Aec58e894650,3,DBRiMatt
0xf8b2808E19413E0b14C2966dD6afB497c7F5A919,3,timbulance
0x2dBB136D8DC31698ADA7C56E0853C255629d0cA6,3,FattestLion
0x0F00d07f7A1F4129E1E2509A87d9968C2c356443,3,InclineDumbbellPress
0xbfE08A5301906f5B5C1DB7E61Ae5A9420afcAF4A,3,goldyluckinblokchain
0x5eD61dee19B3355cf125a5cB95bEC8f344523628,3,DrRobbe
0xD90C22d2Da086Eaf293E6Ca056116C7d08DecA47,3,SigiNwanne
0xc149c6d082Da03319497A4Cfea8324A88CD1C898,3,kirtash93
0x68E5b83d9A4E82d3833dE0365543E7d26897B413,2,Abdeliq
