username,points,contrib,comment_score,post_score,offchain_tips,funded,voting,pay2post,eligible_comments,eligible_posts,eligibility_reason,address
kirtash93,112946.2092,122730.2323,33645.8608,95558.1644,-142.0226,0.0,134.2066,-16250.0,1,1,,0xc149c6d082Da03319497A4Cfea8324A88CD1C898
bigron1977,100083.9476,107128.2518,33059.8481,83815.2185,-165.09,0.0,123.9709,-16750.0,1,1,,0x65C33426B9eB958dA182d008f3e40597398Eb752
fattestlion,75413.5576,78838.8082,28146.749,56490.6563,-317.7431,0.0,93.8954,-9000.0,1,1,,0x2dBB136D8DC31698ADA7C56E0853C255629d0cA6
masterpieceloud4931,62332.4207,70059.3119,23179.4006,45883.2952,-57.1,0.0,76.8248,-6750.0,1,1,,0x16Bd6F1d0d3a5c039ca67e0Da0DEa4bA3823bB23
odd-radio-8500,46544.2942,49028.1207,36851.8745,13955.889,160.62,0.0,75.9108,-4500.0,1,1,,0x795065F0368BE7149140D2b134fe2bA072db42AE
dbrimatt,41060.5167,45160.6401,22774.427,20685.4556,1044.2698,0.0,56.3643,-3500.0,1,1,,0xFEdD14d3a32FaAbfbd6E290fAA73Aec58e894650
wonderful_bad6531,40048.2356,44530.8518,25769.0634,33649.4987,-1942.13,0.0,71.8036,-17500.0,1,1,,0x823203809D31109e99F27092dE19F60a22DF61C5
inclinedumbbellpress,30523.2613,32121.5883,9978.8813,30095.3778,157.8237,0.0,41.1784,-9750.0,1,1,,0x0F00d07f7A1F4129E1E2509A87d9968C2c356443
siginwanne,26265.6164,28182.86,23098.5139,8865.5296,3.9,0.0,47.6729,-5750.0,1,1,,0xD90C22d2Da086Eaf293E6Ca056116C7d08DecA47
abdeliq,23877.2917,25666.3629,21985.9488,17336.6598,252.3333,0.0,52.3498,-15750.0,1,1,,0x68E5b83d9A4E82d3833dE0365543E7d26897B413
altruisticpops,22986.2044,24908.2544,15640.8001,19427.6031,-125.0,0.0,42.8012,-12000.0,1,1,,0x6fa6922842FD09782A61b3B11ab4fb00EB87B1C0
extension-survey3014,20665.5946,16568.4117,17015.342,21209.2526,191.0,0.0,0.0,-17750.0,1,1,,0x1Cc3ddB501900fD286E4c5564D769791Ad087B42
parishyou,13449.407,10502.0642,8039.8172,18510.8998,148.69,0.0,0.0,-13250.0,1,1,,0x9DdA0dA917BeACbcd99c39575877C2AfA2769fbC
josefumi12,12697.7314,11592.0712,12634.9124,382.8191,-70.0,0.0,0.0,-250.0,1,1,,0xA9c455ae9838840187801ce4f0ef1DB28EAeb326
0xmarcaurel,12566.6587,15754.4392,1033.4693,14176.0865,-155.8285,0.0,12.9314,-2500.0,1,1,,0x0c4B8B79E0ebA3e407Bc175176Db496474046e9a
drrobbe,12504.1542,23268.794,4406.914,9261.5224,320.69,0.0,15.0278,-1500.0,1,1,,0x5eD61dee19B3355cf125a5cB95bEC8f344523628
cymandetv,6449.1661,7417.1938,4126.246,4062.4615,0.0,0.0,10.4586,-1750.0,1,1,,0x94f5926AD5902b41588097788A1e84884aCE4494
legendrxl,3868.5662,3490.1259,3828.452,287.1143,3.0,0.0,0.0,-250.0,1,1,,0xE40EaDCD565221B63bB106D668baa43941B53a65
timbulance,2103.6678,2926.6818,2126.9178,0.0,-27.0,0.0,3.75,0,1,1,,0xf8b2808E19413E0b14C2966dD6afB497c7F5A919
bazooka_star,2027.441,2837.6145,2041.841,0.0,-18.0,0.0,3.6,0,1,1,,0xD542a50Ba9181DAA549B882752b7Be621355dFce
thorp1,1910.4532,1781.3454,1956.7643,0.0,-46.3111,0.0,0.0,0,1,1,,0x3f65Ad6363073D3328b3F47273D7F3C7f574fD13
darunningdead,1784.3828,1559.2285,1701.5853,574.6975,8.1,0.0,0.0,-500.0,1,1,,0xF233ef00009ba3BC1a5872678Fb8E6e81089f5FF
ill_thought5132,1598.4575,1471.5462,1616.4575,0.0,-18.0,0.0,0.0,0,1,1,,0x7CA132554C2204277112C8aa9c79dA20C9D6Af64
reddito321,1568.4131,1386.4353,170.1534,1387.2597,11.0,0.0,0.0,0,1,1,,0xbE8793cE3eA65A70BdA8C0364981f900Ad80d9dB
mixdealyn,1499.9275,2284.2395,1513.2594,0.0,-16.0,0.0,2.6681,0,1,1,,0xd90deab1894f334febcB808b4b44265Be463aAa2
king__robbo,1478.2407,2169.61,1403.7657,0.0,72.0,0.0,2.475,0,1,1,,0x02977d017bf7002b5B8f32C1D2F3024f96eaB73b
s-u_2,1356.2274,1239.1968,1361.2274,0.0,-5.0,0.0,0.0,0,1,1,,0x01D3d24F754D64C7F9942c00aEF89E6F64B4C205
barbarossabros,835.6739,706.7018,0.0,1077.6739,8.0,0.0,0.0,-250.0,1,1,,0x60506139EBd24428e377956Be9BAB4a1C05EC841
thecryptos,566.3813,8275.5618,42.5384,1674.843,99.0,0.0,0.0,-1250.0,1,1,,0x7A69fcEE302318cE0aDFBE506Bc7eC9d2Cd37cC3
gubbie99,498.4603,464.6988,510.4603,0.0,-12.0,0.0,0.0,0,1,1,,0xaF29FACA9278f3FE68BaDd745BB7f5b1538A17Ff
pixieshit,414.4202,337.3215,85.0767,574.3434,5.0,0.0,0.0,-250.0,1,1,,0x93894a9Af521c9383517aae8cE71416cC9e1B620
thinkingperson,344.3579,309.8457,340.3579,0.0,4.0,0.0,0.0,0,1,1,,0x3B753afeE5EF08832Aff91C1556e080b4EFb680d
mrjune2040,344.3068,309.7992,340.3068,0.0,4.0,0.0,0.0,0,1,1,,0xa433d3e9B1390e5691Ace268484b8Ac23120Fad4
caregiverstandard427,343.3068,309.7992,340.3068,0.0,3.0,0.0,0.0,0,1,1,,0x87C56517c9F7F46390772a93EBe0f1769E2B632f
michaelaischmann,342.3068,309.7992,340.3068,0.0,2.0,0.0,0.0,0,1,1,,0xa18aBe5EDDaB2cdBF2837425FAaf32bd9B0085Dc
nsfwcryptoposting,318.2726,282.5485,310.3726,0.0,7.9,0.0,0.0,0,1,1,,0xC0ab867a4750bf24141c59e5fa50967757cEfe51
lisa_ray0810,299.794,271.0975,297.794,0.0,2.0,0.0,0.0,0,1,1,,0xb83FFc73ABb50B9bf340dF0218dd743390cF673F
verysillyman,285.6606,252.769,277.6606,0.0,8.0,0.0,0.0,0,1,1,,0xEe1B2A2679Da95479Bd6421Ae635598425083A49
fallini47,270.4603,214.6988,510.4603,0.0,10.0,0.0,0.0,-250.0,1,1,,0xADC62d6991F18a69cfA43F4017FB8b24A9a0ee7a
raresanevoice,258.2301,232.3494,255.2301,0.0,3.0,0.0,0.0,0,1,1,,0x8ad4F9ce9bC2dFEafF948Fd7E11e9cbd1c926438
good_extension_9642,258.2301,232.3494,255.2301,0.0,3.0,0.0,0.0,0,1,1,,0xe64A9075826531d09931dD58D2D3cA8B94F8B49a
greenwolf_12,258.2301,232.3494,255.2301,0.0,3.0,0.0,0.0,0,1,1,,0xe0c5b09eb1616b948103FDa95d69c9b7503a4c15
jned99,255.2301,232.3494,255.2301,0.0,0.0,0.0,0.0,0,1,1,,0x4d5657730911393313748BE8a25cee23A315ad12
tahiraslam8k,250.2301,232.3494,255.2301,0.0,-5.0,0.0,0.0,0,1,1,,0x52C83fbEc050509468Dc7CEF0a2fFd81e95c9F1B
security_raven,249.2301,232.3494,255.2301,0.0,-6.0,0.0,0.0,0,1,1,,0xFBddB66A587515789f4bF2bFA5e19FE98e980104
creative_ad7831,197.0,0.0,0,0,197.0,0.0,38.5366,-14250.0,0,0,temp ban,0x5ce03C34F851066DA7a7392526a7EC4F81790e1D
phambidge,186.0767,77.4498,85.0767,0,101.0,0.0,0.0,0,1,0,comments only,0x864E89A4a4D642cD22b71297F8BF573a53A79528
mallison945,174.1534,154.8996,170.1534,0.0,4.0,0.0,0.0,0,1,1,,0x61b13c8435BA6BDb6D352d18F9ba6BDd02bb34a6
carlslarson,172.7294,121.0596,127.6151,287.1143,8.0,0.0,0.0,-250.0,1,1,,0x95D9bED31423eb7d5B68511E0352Eae39a3CDD20
coinfeeds-bot,172.1534,154.8996,170.1534,0.0,2.0,0.0,0.0,0,1,1,,0xd056666321700092B032b2571431B2478cD6512E
guyserbun007,172.1534,154.8996,170.1534,0.0,2.0,0.0,0.0,0,1,1,,0x214b56307f0da66d699b3DA831895D4EEd2947B5
j-96788-eu,172.1534,154.8996,170.1534,0.0,2.0,0.0,0.0,0,1,1,,0x2AAB3E4A213052C648A6331d28d5e0F3abD6C167
olmops,172.1534,154.8996,170.1534,0.0,2.0,0.0,0.0,0,1,1,,0xCA7d56f69C1321DA5ac0fc68B2433A4B3c4624Dc
mediocre_horror_194,172.1534,154.8996,170.1534,0.0,2.0,0.0,0.0,0,1,1,,0xe827dc5bF6B9dd13f8287c5D13aaA9046c1aA6af
wonderful_fun543,172.1534,154.8996,170.1534,0.0,2.0,0.0,0.0,0,1,1,,0x08C62DCC425fe1E6B1Ea7f2595Ad2E91C855bcbD
jamesrosshill,171.1534,154.8996,170.1534,0.0,1.0,0.0,0.0,0,1,1,,0xFc2C0F3925a0Eb03824059421C7C031B34a4788A
asad2047,170.1534,154.8996,170.1534,0.0,0.0,0.0,0.0,0,1,1,,0xe0aDEBdE3CA7C878b6D69b3F76d89f07630F3541
qldvaper88,166.1534,154.8996,170.1534,0.0,-4.0,0.0,0.0,0,1,1,,0x233aB8F258590F31E0Ae07FA47477E3D09e74F65
vino23,142.5384,38.7249,42.5384,0.0,100.0,0.0,0.0,0,1,1,,0x0bb661b756e071b848739a5BE2ea1cF79FfBcd41
moondefender,142.5384,38.7249,42.5384,0.0,100.0,0.0,0.0,0,1,1,,0xF504B235e501F6d6454e6147429fe180B3880e61
mattg1981,130.6151,116.1747,127.6151,0.0,3.0,0.0,0.0,0,1,1,,0x2c64c11CaD069E26c72d8ffD43905985a9100252
roy1984,129.6151,116.1747,127.6151,0.0,2.0,0.0,0.0,0,1,1,,0x0cC7dAE1748e8E5371b2e2b47a5D9446E1D46546
flaky_word_7636,119.6151,116.1747,127.6151,0.0,-8.0,0.0,0.0,0,1,1,,0xc111F82394a6e2A605ce6c10852E04917e5A9AB8
economist_kinda,110.2301,0.0,255.2301,0.0,105.0,0.0,0.0,-250.0,1,1,,0x09e8a60Fa9a4EeeCfe2f4eC2D08ddA56307d48C9
k3surfacer,91.0767,77.4498,85.0767,0.0,6.0,0.0,0.0,0,1,1,,0xC68E90bB41dCC4b27325427B1ed3ca4fC3Edb4f1
njaa,90.0767,77.4498,85.0767,0.0,5.0,0.0,0.0,0,1,1,,0x799B502C29659F0Cb4B9Eb996dDbEd660BD41F16
313deezy,88.1278,77.4963,85.1278,0.0,3.0,0.0,0.0,0,1,1,,0xC0F9bD5Fa5698B6505F643900FFA515Ea5dF54A9
statisticalman,87.0767,77.4498,85.0767,0.0,2.0,0.0,0.0,0,1,1,,0x7C34395289c45b7235E48ACE318C50d6acc986F8
triplereward,86.0767,77.4498,85.0767,0.0,1.0,0.0,0.0,0,1,1,,0xE00696ae0245A82462626C770F65ab3Dd31B2e14
p4t0k,86.0767,77.4498,85.0767,0.0,1.0,0.0,0.0,0,1,1,,0x5dC0aa3E4C014b39C7f30caDD6a945cac59176E5
nickel62,86.0767,77.4498,85.0767,0.0,1.0,0.0,0.0,0,1,1,,0x68d2E117B2297e5161209788f9915D301d3cE532
fluid_department_120,86.0767,77.4498,85.0767,0.0,1.0,0.0,0.0,0,1,1,,0x40A410899E2e6037f08237DF0881a3EF7AC38672
puddingbuks26,86.0767,77.4498,85.0767,0.0,1.0,0.0,0.0,0,1,1,,0x6361d1737dccFD7a68a969A7f06F9D97a740c162
vivarevo,86.0767,77.4498,85.0767,0.0,1.0,0.0,0.0,0,1,1,,0x8a945Ff7dBC68D7DEFeA264c9B838F6824671c01
dou8le8u88le,86.0767,77.4498,85.0767,0.0,1.0,0.0,0.0,0,1,1,,0x220FCF8f01Ac0825933d62bF7A43c8B3c671D334
lord-nagafen,86.0767,77.4498,85.0767,0.0,1.0,0.0,0.0,0,1,1,,0xCB5a385fBfc15929c18E1Df889a2073aDE320588
spare_imagination648,86.0767,77.4498,85.0767,0.0,1.0,0.0,0.0,0,1,1,,0x8dcd296041839eb7182E1F8DD1dbedaB9Ff1d6dB
jaskidd05,86.0767,77.4498,85.0767,0.0,1.0,0.0,0.0,0,1,1,,0x0201b4b842aD23E33A5762982cDebACfEeC170E8
theelusivefox,86.0767,77.4498,85.0767,0.0,1.0,0.0,0.0,0,1,1,,0x577a9E28fBB2e0b41b94fD96F33B1dDD308259E3
ch40440,86.0767,77.4498,85.0767,0.0,1.0,0.0,0.0,0,1,1,,0xde7718A7Fbc0B4d7E6898aB32F26358668062Ddb
mimsoo777,86.0767,77.4498,85.0767,0.0,1.0,0.0,0.0,0,1,1,,0x0F178370Bd5F68003C107527143C3a082134F966
ufonomura808,86.0767,77.4498,85.0767,0.0,1.0,0.0,0.0,0,1,1,,0xF0d241d7C6ffE48D6bFb14e55882897548741De3
modern_orange,86.0767,77.4498,85.0767,0.0,1.0,0.0,0.0,0,1,1,,0x6700ce7153e0D993221Ce4994e5F6Af57B1a559e
taschentuch9,86.0767,77.4498,85.0767,0.0,1.0,0.0,0.0,0,1,1,,0x4F3C61EE1c99C1035628422de1347a438218137b
arthropal,86.0767,77.4498,85.0767,0.0,1.0,0.0,0.0,0,1,1,,0x4BC2C9f9AEDa34534eCA66351b770A8E5dF66eCf
wales-bloke,86.0767,77.4498,85.0767,0.0,1.0,0.0,0.0,0,1,1,,0x99dbCd0732Df1A4Aa0bb45d313cA1f22Ee2b4062
ikkaku999,86.0767,77.4498,85.0767,0.0,1.0,0.0,0.0,0,1,1,,0x1Ba8F7523aCe1156a6FC7E099FACAbeC5050403d
nethanns,86.0767,77.4498,85.0767,0.0,1.0,0.0,0.0,0,1,1,,0xB3184DA621427417e4991eD9321895e03052608E
armandeluz,86.0767,77.4498,85.0767,0.0,1.0,0.0,0.0,0,1,1,,0x8d6Cf8Fb7345311205aBE5feB927b7099Bb93F4C
j0n82,86.0767,77.4498,85.0767,0.0,1.0,0.0,0.0,0,1,1,,0x278d23FeE93C48bd365BA6c02260F3C10CB365ee
hereticlaserhaggis,86.0767,77.4498,85.0767,0.0,1.0,0.0,0.0,0,1,1,,0x07ae19C1e2498424669D01e280F43d9bDB1c9666
simplemoonfarmer,86.0767,77.4498,85.0767,0.0,1.0,0.0,0.0,0,1,1,,0x24CEA54F8883C8C0b1F4d0929fd53a0e5cA242Fb
mokhlis_jones,86.0767,77.4498,85.0767,0.0,1.0,0.0,0.0,0,1,1,,0x79Ae2a0f9E6f13f14A2C2811e94672cd12CE5A24
landswipe,86.0767,77.4498,85.0767,0.0,1.0,0.0,0.0,0,1,1,,0x9eb3d5ECBf8Af98c488cD57895a28E4c699dfA85
truthwatcher_,86.0767,77.4498,85.0767,0.0,1.0,0.0,0.0,0,1,1,,0x529072c6224b220607AA661Bb074c2C6Cb1add87
alpeshnaper,86.0767,77.4498,85.0767,0.0,1.0,0.0,0.0,0,1,1,,0x4D0167cEe3489d0d9AEf33EdB3aD010eE81ff694
nielzz,86.0767,77.4498,85.0767,0.0,1.0,0.0,0.0,0,1,1,,0xeE0b093a51C5eea96Adc63E9E05b87a549c2c980
commo64dor,86.0767,77.4498,85.0767,0.0,1.0,0.0,0.0,0,1,1,,0x93c9C42bb33C9eed64ffe7878f3af0910506F34C
weallwinoneday,83.0767,77.4498,85.0767,0.0,-2.0,0.0,0.0,0,1,1,,0xC53b7a40d374f5253bb099704bF9951581B7053C
jgcheema,82.0767,77.4498,85.0767,0.0,-3.0,0.0,0.0,0,1,1,,0x807ECF291DeFe8D3400041394158ed83Ef035bF5
lennethluna,81.9548,0.0,0.0,1064.9548,17.0,0.0,0.0,-1000.0,1,1,,0x8646c3b82527fd653Cd29392Eb178fd8C2e4e763
0x456,53.7685,21.0743,297.7685,0.0,6.0,0.0,0.0,-250.0,1,1,,0x456029D4d417ab7BD4D5d2b0404215E56a25C000
kappatalizable,45.5384,38.7249,42.5384,0.0,3.0,0.0,0.0,0,1,1,,0xEB9a6E724925B178d9627CE05208Cfe6A5C11447
iceddlatte,44.5833,5.3012,0.0,287.5833,7.0,0.0,0.0,-250.0,1,1,,0x54D2ed0DFfF56D561FE6BA3E8F0384c8abFbAd06
dont_forget_canada,43.5384,38.7249,42.5384,0.0,1.0,0.0,0.0,0,1,1,,0x009af493e9A3a3Ba3DFfBF734E1B2a5B0352dF46
massive-tension-1055,43.5384,38.7249,42.5384,0.0,1.0,0.0,0.0,0,1,1,,0xae3e0e714362Fe0012776312Eba649691561F413
tatakae69,43.5384,38.7249,42.5384,0.0,1.0,0.0,0.0,0,1,1,,0xDD342E1Ca64C84aEa42fddeb2BFC978C88E2c693
poojaapriyaa,18.0,0.0,85.0767,430.7289,18.0,0.0,0.0,-750.0,1,1,,0x525465D20141d324fe857485F8f4E11740AAcCE1
jake123194,17.2267,89.0673,85.0767,0.0,-68.0,0.0,0.15,0,1,1,,0x48AFb64D55c79A2E711c14a2Bf903A7C3842baCC
incompetentdonuts,15.0,0.0,0,0,15.0,0.0,0.0,0,0,0,karma and/or age,0x2A043F315F24762937CBCf0EB6CB313a43bDE534
criticalcobraz,10.0,0.0,85.0767,340.8286,10.0,0.0,0.0,-500.0,1,1,,0xdBdD159aC55fCc78b67F15751A9cB66d395eCb1F
lce_fight,9.0,0.0,0,0,9.0,0.0,0.0,0,0,0,temp ban,0x98C8ec241778dE453Cd59a1dA9176ecAc4decf79
wallstlegends,9.0,0.0,85.0767,0.0,9.0,0.0,0.0,-250.0,1,1,,0x21BF67c54f2BdAD4eAbdB120B0D9b1d19986e29f
mattie_kadlec,8.0,0.0,0.0,382.8191,8.0,0.0,0.0,-500.0,1,1,,0xF443e10e9d0FadD4b5153320B3F27840c2c7e5DC
donsaudi29,8.0,0.0,0.0,153.1276,8.0,0.0,0.0,-500.0,1,1,,0x6041a11Be2c5B703814E717D87a62d9b451Fd08d
physicallodging,6.0,0.0,0.0,287.2626,6.0,0.0,0.0,-500.0,1,1,,0x100301F03299C90EC2945f64Db1f9F4e424d71F2
savi321,6.0,0.0,170.1534,0.0,6.0,0.0,0.0,-500.0,1,1,,0x7eA45e32a4F75F79615e1C77fA017F2ac4fE66AB
pirateskb,5.0,0.0,42.5384,191.4095,5.0,0.0,0.0,-250.0,1,1,,0xd5aD34CeE33bEF42e47B3eE90417aC1C6779477d
Latter-Fudge1063,5.0,0.0,0.0,0.0,5.0,0.0,0.0,0,1,1,,0xe77675389a6ebc397Cd17309129B33a01e8042C7
rezirespira,4.0,0.0,0,0,4.0,0.0,0.0,0,0,0,deleted or shadow ban,0x6C5791ADdF708Ba24fbcfF2E456Fa9Fc25dDe498
icy-profile-1655,4.0,0.0,0.0,191.4095,4.0,0.0,0.0,-250.0,1,1,,0xc06479D09b3DE98Df54c77150075c5df38996138
sleepycurlsss,3.0,0.0,0,0,3.0,0.0,0.0,0,0,0,deleted or shadow ban,0xd427C209fF6d24bfa7B05E7146033673D460acD7
shadowknight324,3.0,0.0,12.6041,95.7048,3.0,0.0,0.0,-250.0,1,1,,0xdea176973310D5bdfE5D8bE85Ff7B5Ea5Ab060f0
Choice-Spend8776,3.0,0.0,0.0,0.0,3.0,0.0,0.0,0,1,1,,0x9f27663587b485028b8Cc9e16f5EC4eb4C2EEbC0
twicrates,3.0,0.0,0.0,0.0,3.0,0.0,0.0,0,1,1,,0x244645E206B96450cCc50119aa86af9778eAc3b3
ImDoubleB,3.0,0.0,0.0,0.0,3.0,0.0,0.0,0,1,1,,0xE8c77e0eAbD6d8b2F54343152a8b213d3a42E54E
Gapkh,3.0,0.0,0.0,0.0,3.0,0.0,0.0,0,1,1,,0xc807daaDE8c87Ee9fc0f1620ae907bCA34359956
na7oul,2.69,0.0,0.0,0.0,2.69,0.0,0.0,0,1,1,,0x53D0F1e389548BF97A5c7Dd5715b2bDA7A2E83FE
aitalianstallion,2.0,0.0,0.0,95.7048,2.0,0.0,0.0,-250.0,1,1,,0x9B22c58ABAE0AcB8A64754710240294369A7E79A
blizzardboy123,2.0,0.0,85.0767,0.0,2.0,0.0,0.0,-500.0,1,1,,0x89e5b3648cc6d80A577B1b3efC1C865FBf72A915
maddhy,2.0,0.0,0.0,0.0,2.0,0.0,0.0,0,1,1,,0x6Fa5f575b4d507c9200FCFcB9752C4FBF35B86ca
OLFRNDS,2.0,0.0,0.0,0.0,2.0,0.0,0.0,0,1,1,,0x009C97e9315D9F9f064d2991657Fe0191631D7Ff
qqAzo,2.0,0.0,0.0,0.0,2.0,0.0,0.0,0,1,1,,0x09E3ca09031b2f2539B08fc0C38EE145629086ff
ironmoosen,1.8593,0.7822,0.8593,0.0,1.0,0.0,0.0,0,1,1,,0x3Cf42Abe6Cb4e545899685Db065658F1E26a7520
aminok,1.0,84.5926,170.1534,765.6381,-184.7915,0.0,0.0,-750.0,1,1,,0xbEA18A39a1cEe253705eB5e966fe23F26dD109eF
soldier9945,1.0,0.0,0,0,1.0,0.0,0.0,0,0,0,karma and/or age,0x359bF450e7D6bBC64319792f61ff299ffc3366Db
swaggy18,1.0,0.0,0,0,1.0,0.0,0.0,0,0,0,karma and/or age,0xACE0a52f70E2A903E4E0a8a02DEa12a8f936006c
jarcola52,1.0,0.0,0,0,1.0,0.0,0.0,0,0,0,karma and/or age,0xC36fCbdd6127C349F98DCf8fFD9aB008bDEf4C4c
allcodecomsf,1.0,0.0,0,0,1.0,0.0,0.0,-250.0,0,0,karma and/or age,0x3c365308fA314580CD77C0bdad611C3736563e88
Sebastian_DRS,1.0,0.0,0.0,0.0,1.0,0.0,0.0,0,1,1,,0x0E1bE7412506b3295A929f95cf62C789B30E1324
Alskiessss,1.0,0.0,0.0,0.0,1.0,0.0,0.0,0,1,1,,0x64D635F4DA38aD9BF9142854412969596b4Af5c9
Extravagos,1.0,0.0,0.0,0.0,1.0,0.0,0.0,0,1,1,,0x5cD5263648c8B0Cca0F875C74Daf7FEE9C9c4027
wir3t4p,1.0,0.0,0.0,0.0,1.0,0.0,0.0,0,1,1,,0x46852038064290bA7E1809ec2D008d3923E7E538
blthmsphlp,1.0,0.0,0.0,0.0,1.0,0.0,0.0,0,1,1,,0x86910773D1c908c30D44BA53d69bD4411C7ee2b9
Zein313,1.0,0.0,0.0,0.0,1.0,0.0,0.0,0,1,1,,0x206Cdfe4573D32c2124CDda571d8626cc165Dd33
boiboi3434,0,0.0,0,0,-1.0,0.0,0.0,-500.0,0,0,deleted or shadow ban,0x556F5911Bc0F3a14b3427BB6d3e84c8022E44b20
