username,comments,comment_score,posts,post_score,total_posts,pay2post,points,blockchain_address
ContemplatingMeth_,5275,9528.082176779366,87,22549.121801219575,67.0,-3710.194402459999,28367.009575538945,0xd7C9421Ab0Be1aaf83F08F058075a8B13BD72Df9
Wonderful_Bad6531,4766,5220.152876844341,145,26895.03309532496,136.0,-7531.1408766352215,24584.045095534082,0x823203809D31109e99F27092dE19F60a22DF61C5
kirtash93,5693,5972.271907602228,109,23284.515557408657,89.0,-4928.4671913274615,24328.320273683425,0xa51731189c99832A2ba2f28C6c2dc1Db451F3a2e
Fredzoor,4446,6801.340410153825,141,22992.13008808047,128.0,-7088.132589774326,22705.33790845997,0x45051312DeA7a0b7302bCbCCC979E88e28a08e3F
Buzzalu,1773,2942.6967358530515,72,19780.320008338982,61.0,-3377.9381873143275,19345.078556877706,0xb89CB46A5Cf811b99A3608C8b9e63aD0DE990Fe0
FattestLion,9881,10779.131653683573,76,11385.312972325011,51.0,-2824.177828738208,19340.266797270375,0x2dBB136D8DC31698ADA7C56E0853C255629d0cA6
lordciders,3217,6836.091784512276,89,15348.02209829572,79.0,-4374.706832751342,17809.407050056656,0x4b1f1C251Ce3Dc74C9Bb2EcBcEbC9bc7f855eF27
Major-Remove-7190,13465,13308.535258773627,24,4004.7949132224944,21.0,-1162.8967530098503,16150.43341898627,0xef895D1f66977125637Cd810aDCbc0b0F35D7dF2
Electrical_Tension,1221,942.0104692165609,100,18730.390368478656,66.0,-3654.818366602387,16017.582471092832,0xFbF271152D5F4220D8c8340052c2e1E8451b9728
rikbona,3056,5124.586597358603,96,14752.175952467815,70.0,-3876.3225100328345,16000.440039793582,0xc20996Ea4a76DdcAA03eC7889bc9C249cCe9E2C3
MrPuma86,15024,14053.207566454703,12,1856.204721947152,12.0,-664.5124302913431,15244.899858110512,0xe50B88C71E72138b20B5dB56254a7953D9813683
SigiNwanne,5074,7557.182802450117,74,10585.683014541095,56.0,-3101.0580080262675,15041.807808964944,0xD90C22d2Da086Eaf293E6Ca056116C7d08DecA47
Consistent-Revenue61,1223,851.4086717820301,146,19417.053213113046,110.0,-6091.363944337311,14177.097940557767,0x539F1c914651903FB86dD0FBE0Dc3449C60D24d9
LegendRXL,3441,4866.43353069583,100,13463.021837702612,89.0,-4928.4671913274615,13400.98817707098,0xE40EaDCD565221B63bB106D668baa43941B53a65
donut-bot,38214,11139.056602396093,0,0.0,0.0,-0.0,11139.056602396093,0xa8C8c9e18C763805c91bcB720B2320aDe16a0BBf
Friendly-Airline2426,596,1905.1199871507522,47,11250.19544483244,41.0,-2270.4174701620886,10884.897961821103,0xCA7faf6c0441049e2F449fbA86B77587987A21Fe
goldyluckinblokchain,2619,5207.741671716323,92,9243.367905352583,72.0,-3987.0745817480583,10464.034995320848,0xbfE08A5301906f5B5C1DB7E61Ae5A9420afcAF4A
AltruisticPops,3850,7542.289356296496,81,6744.801167457133,71.0,-3931.6985458904464,10355.391977863183,0x6fa6922842FD09782A61b3B11ab4fb00EB87B1C0
Curious_Apartment_88,3248,9873.113679338263,0,0.0,1.0,-55.376035857611924,9817.73764348065,0x9AcC45F7d562393778eCD748b6eae676f82FfA6c
Abdeliq,5234,8507.881115256292,41,3056.757179340178,36.0,-1993.5372908740292,9571.10100372244,0x68E5b83d9A4E82d3833dE0365543E7d26897B413
Odd-Radio-8500,4307,9185.53291524607,7,500.5993641528118,5.0,-276.8801792880596,9409.252100110822,0x795065F0368BE7149140D2b134fe2bA072db42AE
Sky-876,4105,4105.626656348331,96,10494.866315734613,102.0,-5648.355657476416,8952.137314606527,0xDbE3B1F7bea6c329F6DCb8b9fA0D4D27948c22C1
SwingContent6806,686,448.0445051214473,67,12027.67498827331,64.0,-3544.066294887163,8931.653198507593,0x58F1788eE66AcD09A00D039229bf25678ba04c84
DBRiMatt,3827,6764.106794769772,9,2525.147235107104,7.0,-387.63225100328344,8901.621778873592,0xFEdD14d3a32FaAbfbd6E290fAA73Aec58e894650
JoNwOrDy,3011,8829.331328071956,0,0.0,1.0,-55.376035857611924,8773.955292214343,0x740bd76dD50574E4DdabC1432Cd5e41148398451
Every_Hunt_160,1584,2834.7192512392953,72,9914.525459946839,74.0,-4097.826653463282,8651.418057722853,0x51fa5238F563A48B050bdc69A1Ca91358f1BB337
rootpl,1273,733.5022230658597,57,10632.19888466149,55.0,-3045.6819721686556,8320.019135558694,0xEdc0321b407b165CF926BE3E77ecB6C791f731bA
falk_lhoste,1013,1293.2475743394684,39,9214.572366706623,40.0,-2215.0414343044768,8292.778506741615,0x7AdAe2238B6BCa88D9f64E468d2fD551E0587c96
yester_philippines,1330,1790.9368999729872,11,7132.433418460416,12.0,-664.5124302913431,8258.85788814206,0x97EB58F86F1b67561990C933eB7a8426d139fa58
CarryKind8827,477,110.45972563935958,73,13777.557721373847,109.0,-6035.987908479699,7852.029538533507,0x7925F2c7a47922F1868106B416A9f8cf31d1E734
ChillCoyote,2321,7548.494958860505,0,0.0,1.0,-55.376035857611924,7493.118923002893,0xbB70FB1529678f0F21CecD51Dbb41b78B9CC40C4
actuatorsif5,2186,7372.255846042651,0,0.0,0.0,-0.0,7372.255846042651,0x163D17b34cc97C82065b230ff14cA413f36133a9
lebbadnurzzm,2362,7471.545487066794,0,0.0,2.0,-110.75207171522385,7360.79341535157,0xf555388F26E7e4a6011ac6d621f1217E500183D2
Honey_-_Badger,3300,7138.925189635914,0,0.0,0.0,-0.0,7138.925189635914,0x9a8321d07BfD79f9B8A87DB28cE8885C4045f64e
Mrkay07,1842,2497.1344717572074,34,6157.815187366446,28.0,-1550.5290040131338,7104.420655110519,0x41520DA55f0cd3888b4115547b39D75EF151317d
coindoing,422,461.696830762267,34,8173.5028925835195,33.0,-1827.4091833011935,6807.7905400445925,0x7843c85c772f5010Cb52c22b11bFB2a3394589AC
Mrwiowijo,2271,3971.5856409657376,29,3743.420023974566,26.0,-1439.77693229791,6275.228732642393,0x168863730D01f580282968f3e44134996095F001
CymandeTV,2452,2935.2500127762405,23,4498.749153072393,23.0,-1273.6488247250743,6160.350341123559,0x94f5926AD5902b41588097788A1e84884aCE4494
Tsarmedallous,2586,4165.200440962817,36,3521.9158805441184,29.0,-1605.9050398707457,6081.21128163619,0xF0d2B096fd16E69C6Dd06E3268Fc310bAD75B956
rare1994,371,425.70433589101503,49,7774.795434408714,42.0,-2325.7935060197005,5874.706264280027,0xd1d0c56075B61cd28f62c3bd2b37647703319d6C
bazooka_star,2901,5241.251925561972,7,730.9636733204773,5.0,-276.8801792880596,5695.335419594389,0xD542a50Ba9181DAA549B882752b7Be621355dFce
Extension-Survey3014,4629,6131.135333240858,11,369.91191952884765,17.0,-941.3926095794027,5559.6546431903025,0x1Cc3ddB501900fD286E4c5564D769791Ad087B42
Sharp-Subject-047,182,89.3606769217291,49,7553.291290978266,39.0,-2159.665398446865,5482.986569453131,0x5b3eA1DEFFd61ff316D14770601B03eD070962a8
Dapper-Horror3112,625,510.10053076153696,92,8643.09167665607,70.0,-3876.3225100328345,5276.869697384773,0x369cDE7257cE8FEF01aBECf9Bc9B387946b2e1De
TheNano100,121,103.01300256254882,17,5991.68707979361,17.0,-941.3926095794027,5153.307472776756,0x3A11c76440655D4DdFF16a4aDAbBa15E98E89786
KIG45,1665,4572.287969161805,2,420.85787251785064,2.0,-110.75207171522385,4882.393769964432,0x196b2bd780c5dEebab6485Bbb985658c63322BD7
bvandepol,2013,2041.6432435589495,92,7730.494605722624,89.0,-4928.4671913274615,4843.670657954113,0x52a7f4e8904F70Ea831ED31511b35AadCB36b1d9
Huelino,2583,4510.231943521716,8,753.1140876635221,8.0,-443.0082868608954,4820.337744324343,0xDF2ffB4A4c766a322F1fBe6a6E344CA018bDeC9e
Crypto-4-Freedom,2634,4640.549597365904,3,270.2350549851462,3.0,-166.12810757283577,4744.656544778215,0xE1b24E1778FE30648d7998f3b9e77F42C6F2CE03
Lillica_Golden_SHIB,1533,2489.687748680397,19,3300.4117371136704,20.0,-1107.5207171522384,4682.57876864183,0xB1151e3F86D4FEbcc4f75Eb3ad8E6F39104daa06
InclineDumbbellPress,684,1799.6247435625999,48,5612.914994527545,52.0,-2879.55386459582,4532.985873494325,0x0F00d07f7A1F4129E1E2509A87d9968C2c356443
sadiq_238,435,342.5492615332949,23,5559.754000104237,25.0,-1384.400896440298,4517.902365197234,0xBa8d21E4436CB843E355C56525467D894396F75c
emyfsh201,3151,2484.7232666291898,72,5293.9490279877,64.0,-3544.066294887163,4234.605999729727,0x1905f698505AAa9b925f5A4dbd0c75d9B57C60A1
musthaf3star,366,230.8484153811335,50,6401.469745139938,48.0,-2658.0497211653724,3974.268439355699,0x8a3FD9c9a75934F36dc8D9d220FFfC49De8cFc3e
Narrow-Professor-126,1444,1998.2040256108867,27,2963.72543909939,18.0,-996.7686454370146,3965.1608192732615,0x2b23eabDCD60f60fD78E52e80c177D83144CB56b
MasterpieceLoud4931,623,1531.5427127974126,32,4208.578725178506,33.0,-1827.4091833011935,3912.712254674725,0x16Bd6F1d0d3a5c039ca67e0Da0DEa4bA3823bB23
ellileon,712,1174.100005110496,8,2790.952207223641,4.0,-221.5041434304477,3743.5480689036895,0x10006c92af4c697dB4d168cB4e2C56009450a493
Master-Score7344,833,1495.5502179261607,27,3632.667952259342,27.0,-1495.1529681555219,3633.0652020299804,0xb7B008FCe7D334931FF5DB41f56aa063D091dF68
raresanevoice,2021,2844.6482153417096,3,797.4149163496116,1.0,-55.376035857611924,3586.6870958337095,0x8ad4F9ce9bC2dFEafF948Fd7E11e9cbd1c926438
GreekGod0007,343,199.82040256108868,39,5249.6481993016105,35.0,-1938.1612550164173,3511.3073468462817,0x189e5333750Ad646031E0A308AB89068058580D4
TheOneWhoCared,320,681.3751615281843,62,4525.329650284048,32.0,-1772.0331474435816,3434.6716643686505,0x20644e4F409b9D9cAd1c858730a5D020ec482Ca4
Creative_Ad7831,1079,3229.3955743102656,2,35.44066294887163,1.0,-55.376035857611924,3209.4602014015254,0x5ce03C34F851066DA7a7392526a7EC4F81790e1D
parishyou,1105,3161.133946106167,0,0.0,0.0,-0.0,3161.133946106167,0x9DdA0dA917BeACbcd99c39575877C2AfA2769fbC
ChemicalAnybody6229,2851,3142.51713841414,0,0.0,0.0,-0.0,3142.51713841414,0xC8CCAf6A7276381d4103aA5aD1816C0fe8C9848f
yamaniac123,736,554.7808692224015,81,5725.882107677073,63.0,-3488.6902590295513,2791.972717869923,0xD19CC2909D5deDd50ed431d1439f7cF3f8D2AA0a
Flaky_Word_7636,2004,2653.5156563702335,4,166.12810757283577,4.0,-221.5041434304477,2598.1396205126216,0xc111F82394a6e2A605ce6c10852E04917e5A9AB8
MonitorFlat229,192,261.8764282011783,10,2573.878146661802,6.0,-332.25621514567155,2503.498359717309,0x2ccE323E044Fe6669Bc7286f5445A20c93890d2b
SlowpokesEmporium,1250,2301.037430734524,5,405.35258247771935,4.0,-221.5041434304477,2484.885869781796,0x19FCDC5C6a1923afbBedA2Df2b824AC15a3245cf
BlueMugg,1682,2478.5176640651807,0,0.0,0.0,-0.0,2478.5176640651807,0x9a7Bc3F4A5dEbb8100F22BA7C5E057df95046B79
PhysicalLodging,47,64.53826666569324,4,2813.1026215666857,8.0,-443.0082868608954,2434.6326013714834,0x100301F03299C90EC2945f64Db1f9F4e424d71F2
S-U_2,1703,2235.2580435560294,2,199.3537290874029,1.0,-55.376035857611924,2379.2357367858203,0x01D3d24F754D64C7F9942c00aEF89E6F64B4C205
Albinonite,649,2375.5046615026317,0,0.0,0.0,-0.0,2375.5046615026317,0xd9c58bbb5e8f82736FbFBc0527845ECB3984517E
jack-jackson-the2nd,2121,2387.91586663065,0,0.0,1.0,-55.376035857611924,2332.539830773038,0xD4eB3Ecb42AF9b8C4B889e8f59d224F65fB4C8F2
Sharp-Imagination563,614,399.64080512217737,35,3566.216709230208,31.0,-1716.6571115859697,2249.2004027664157,0xA6048ea598ebB19A6281505BF5c1C9FC337Ce915
cryotosensei,1321,2166.9964153519304,1,24.365455777349247,1.0,-55.376035857611924,2135.985835271668,0x714Ac7c57BE78759F57b3f4a240a5a6588316002
Lokiee0077,332,218.43721025311558,73,5736.957314848595,70.0,-3876.3225100328345,2079.0720150688758,0x4df57f4A62f05dDB2eC4e6749677AA8e77740a2E
bashdude_1,1915,1921.2545538171755,4,243.65455777349246,2.0,-110.75207171522385,2054.1570398754443,0xda41C90f2922f65B0dc02Ec0C23aD83435D8B5A1
Accomplished-Dog4393,1546,1890.2265409971308,0,0.0,0.0,-0.0,1890.2265409971308,0xA0177F84E8bB02AED7c8978039E46452a16B5ee9
Mundane-Farm-4117,643,1546.436158951034,1,310.1058008026268,1.0,-55.376035857611924,1801.165923896049,0xa9c8794aa432237095dCDDeff60CbA676B014641
ASingleGuitarString,300,438.11554101903295,17,1993.5372908740292,12.0,-664.5124302913431,1767.140401601719,0x870d6C65E99EeE634165150282c68Ee88A5eC6b1
mattg1981,70,109.21860512655779,3,1772.0331474435816,3.0,-166.12810757283577,1715.1236449973037,0xd762e68a2d30ab4d836683c421121AbB5b3e1DcC
Prog132487,637,1094.6682922911814,15,1608.12008130505,21.0,-1162.8967530098503,1539.8916205863811,0xc700ceD0A5d5778afb359588c2e9Ef2347Afbc46
raymv1987,182,253.18858461156577,5,1484.0777609839995,4.0,-221.5041434304477,1515.7622021651177,0x2A043F315F24762937CBCf0EB6CB313a43bDE534
xnixxer,310,450.52674614705086,17,1942.5913378850264,16.0,-886.0165737217908,1507.1015103102864,0xdE1C2cbF476c98DE24f4E282717e77701BABc906
250zeros,256,199.82040256108868,33,2571.663105227498,25.0,-1384.400896440298,1387.0826113482883,0xf78e64c40AEC457418362961AB77c204C08199E0
likelysomeone3,1066,1390.0549743380082,0,0.0,1.0,-55.376035857611924,1334.6789384803963,0x349Cb3d3Db85A1bFF571eCAAafF4CFf48503cd54
puf88,686,789.3526461419403,14,1284.7240318965967,16.0,-886.0165737217908,1188.0601043167462,0x0C9aae5bFB6b8C8c5D28C54eaA8A381dAB20E48E
Dieselpump510,618,851.4086717820301,1,376.55704383176106,1.0,-55.376035857611924,1172.5896797561793,0x49515072a2679E82Ac383B7c57bBD47221ba8116
coinfeeds-bot,2265,1093.4271717783797,0,0.0,0.0,-0.0,1093.4271717783797,0xd056666321700092B032b2571431B2478cD6512E
EveliaAvila,311,618.0780153752929,43,2427.685411997707,36.0,-1993.5372908740292,1052.2261364989708,0x77eb9daB27E4c7EA1fac320fd6Cc5A52652845db
Jake123194,84,110.45972563935958,2,974.6182310939698,1.0,-55.376035857611924,1029.7019208757174,0x48AFb64D55c79A2E711c14a2Bf903A7C3842baCC
F-machine,510,966.8328794725968,5,383.20216813467454,6.0,-332.25621514567155,1017.7788324615997,0x6b2Dfb8f1F88A400E3aad648d9D8A1a5E1820a7b
PoojaaPriyaa,461,505.13604871032976,27,2062.203575337468,28.0,-1550.5290040131338,1016.810620034664,0x525465D20141d324fe857485F8f4E11740AAcCE1
aminok,420,433.15105896782575,4,804.060040652525,4.0,-221.5041434304477,1015.706956189903,0xbEA18A39a1cEe253705eB5e966fe23F26dD109eF
timbulance,726,1007.789856395056,0,0.0,0.0,-0.0,1007.789856395056,0xf8b2808E19413E0b14C2966dD6afB497c7F5A919
Savi321,586,767.0124769115081,2,199.3537290874029,2.0,-110.75207171522385,855.6141342836872,0x7eA45e32a4F75F79615e1C77fA017F2ac4fE66AB
InsaneMcFries,449,862.5787563972461,1,31.01058008026268,1.0,-55.376035857611924,838.2133006198969,0xcBedBe4f7b04Def3b4ddb581c266a0c45023D99f
CreepToeCurrentSea,494,654.0705102465449,4,285.7403450252775,2.0,-110.75207171522385,829.0587835565987,0x1e6FF9e5E7C301A6290Dd14662273A5E5817a2A6
Ok-Chance-4634,938,826.5862615259941,0,0.0,0.0,-0.0,826.5862615259941,0x6fF8671b246793844e0d3258caa6EcC69B78CF23
Kindly-Wolf6919,325,492.72484358231185,8,717.6734247146507,7.0,-387.63225100328344,822.7660172936789,0xEca23ebdfDf663d499891a833D22956a6f65DFA2
Budget_Muffin7766,689,1081.0159666503616,2,110.75207171522385,7.0,-387.63225100328344,804.1357873623019,0x9Af25fF741763B43F67be449329A3A607799BFf1
legionticket,383,456.73234871105984,24,1594.8298326992233,23.0,-1273.6488247250743,777.913356685209,0x4a5008a960Df61CE7CF1EFDe0CBc268C390ff94F
MantisToboggan66,447,755.8423922962919,0,0.0,0.0,-0.0,755.8423922962919,0xe03d2E34513ed45479e03364d5CD8B5FfeCb63D9
Goonzoo,480,578.3621589656356,12,666.7274717256478,9.0,-498.3843227185073,746.7053079727759,0x177FcF75AF5a0324AfFFdfA578F7b14d42f71d80
Mattie_Kadlec,21,12.41120512801793,2,886.0165737217908,3.0,-166.12810757283577,732.299671276973,0xF443e10e9d0FadD4b5153320B3F27840c2c7e5DC
reddito321,2,7.446723076810758,1,775.2645020065669,1.0,-55.376035857611924,727.3351892257657,0xbE8793cE3eA65A70BdA8C0364981f900Ad80d9dB
Ben_Pars,314,486.51924101830286,12,832.8555792984833,11.0,-609.1363944337312,710.2384258830549,0xE7577A26478a5f70E1b85D3288be13E41072429C
TheExpensiveGoogle,19,22.340169230432274,1,797.4149163496116,2.0,-110.75207171522385,709.0030138648201,0xC14471A6139dc6F4cFb8202EAe38eC852C85F3D2
jimfird,64,53.3681820504771,6,930.3174024078803,5.0,-276.8801792880596,706.8054051702978,0x21A7bD1dd5Cf177c99CaF2436b4930586Ab40E45
ShayanJamal1,320,686.3396435793916,0,0.0,0.0,-0.0,686.3396435793916,0x265f1875F42a8126C30284816e9D8520058A39b0
Josefumi12,225,701.2330897330131,6,398.7074581748058,8.0,-443.0082868608954,656.9322610469235,0xA9c455ae9838840187801ce4f0ef1DB28EAeb326
8465792130,313,626.7658589649055,0,0.0,0.0,-0.0,626.7658589649055,0x87f22564f887B502Da8Ee577aD6Cb9833ff34bB4
samer109,325,621.8013769136983,0,0.0,0.0,-0.0,621.8013769136983,0x64089F29287533eadb78f1e3Bf9830F4453e6C65
CaregiverStandard427,531,620.5602564008965,0,0.0,0.0,-0.0,620.5602564008965,0x87C56517c9F7F46390772a93EBe0f1769E2B632f
Modern_Orange,149,618.0780153752929,0,0.0,0.0,-0.0,618.0780153752929,0x6700ce7153e0D993221Ce4994e5F6Af57B1a559e
SeatedDruid,391,615.5957743496893,0,0.0,0.0,-0.0,615.5957743496893,0xEFC056b70CcAfa39150447D39478db581928CF51
ArstotzkaHero,526,610.6312922984822,0,0.0,0.0,-0.0,610.6312922984822,0x0E26ffDc9185887a9e95aC97a94dF96645Ea168C
Flimsy_Brilliant_239,239,580.8443999912391,1,73.09636733204775,1.0,-55.376035857611924,598.564731465675,0x454Ff15E4eaB032F06a3A95416a83684Bcc76410
pizzapicnic,202,603.1845692216714,1,42.085787251785064,1.0,-55.376035857611924,589.8943206158445,0x4f3dB84ba975aD6e6863DD0aD8bc078f2AeeAA5c
Much-Lunch2438,190,587.050002555248,0,0.0,0.0,-0.0,587.050002555248,0x86B1fC4833Ad342D9B1C69E7f3a5D56B46510dB8
Ozymandius21,22,19.85792820482869,2,620.2116016052536,1.0,-55.376035857611924,584.6934939524704,0x9Fe18A289bb7Cd30574d768933Ef1dBC81B0EFBe
redditisalt,30,13.652325640819724,7,952.4678167509251,7.0,-387.63225100328344,578.4878913884613,0x2C3b90b2E221e7fefBC591bb6f24a799692f3c0A
XWarriorYZ,397,759.5657538346974,3,148.40777609839995,6.0,-332.25621514567155,575.7173147874257,0x31c057A4D4B47a854DBFe4f1A18aBA2330729c3d
wen_eip,386,553.5397487095997,0,0.0,0.0,-0.0,553.5397487095997,0x9653f86326fe986D45DaA16aE0b904AAA9F9Bcb4
Historical-Bite-6909,574,608.1490512728786,0,0.0,1.0,-55.376035857611924,552.7730154152667,0xD30D924e4135a909BA2c9a8D74d3c6913d246Db6
alenjambrovic7,909,459.2145897366634,1,132.9024860582686,1.0,-55.376035857611924,536.7410399373201,0x411D07dAa2dAb8Ce4eb1fB173F8c4A38C642A939
partymsl,293,536.1640615303746,0,0.0,0.0,-0.0,536.1640615303746,0xDCe583535B74c67CA542aFdA1be01Cb5F505BdC5
SuccessOtherwise2760,297,580.8443999912391,2,39.87074581748058,2.0,-110.75207171522385,509.9630740934959,0x960a596E15913FDa7040ea80FD43C2b8E8a1Fe39
Cyrus-114,219,373.5772743533397,2,409.7826653463282,5.0,-276.8801792880596,506.47976041160825,0x72BFACcD795B6E2B340c0B3639410C77F99D60AE
Basoosh,6,6.205602564008965,1,509.45952989002967,1.0,-55.376035857611924,460.2890965964267,0x80148c5d2b61182107f43FAE67f8F2ec4b5dbcDE
abcoathup,5,16.13456666642331,3,553.7603585761192,2.0,-110.75207171522385,459.14285352731866,0x13ebd3443fa5575F0Eb173e323D8419F7452CfB1
King__Robbo,123,445.5622640958437,0,0.0,0.0,-0.0,445.5622640958437,0x02977d017bf7002b5B8f32C1D2F3024f96eaB73b
Tanikushokutomu,143,428.1865769166186,0,0.0,0.0,-0.0,428.1865769166186,0x3406A02A07236bf0473FdF1162A06C26A4Af6b59
DaRunningdead,96,121.62981025457572,12,857.2210350758327,10.0,-553.7603585761192,425.09048675428926,0xF233ef00009ba3BC1a5872678Fb8E6e81089f5FF
GreedVault,300,418.25761281420426,0,0.0,0.0,-0.0,418.25761281420426,0xE809f4C6959610ad7d05C4117624f47d0554cCa7
Pibo1987,245,430.6688179422222,1,17.720331474435817,1.0,-55.376035857611924,393.013113559046,0xf3A6ab4AB31aB110b272B238A5E29160c9804c05
Mixdealyn,119,387.2295999941594,0,0.0,0.0,-0.0,387.2295999941594,0xd90deab1894f334febcB808b4b44265Be463aAa2
Bitter_Storage_2918,148,368.6127923021325,3,88.60165737217908,2.0,-110.75207171522385,346.46237795908775,0xdeD2516ed8de77d08208f3553F29ceD5515AF27f
mauerfan,145,328.89693589247514,0,0.0,0.0,-0.0,328.89693589247514,0x5037F57F688CDB3c184e63BFb8e3dFAf004557E8
huejass5,230,353.719346148511,3,124.04232032105072,3.0,-166.12810757283577,311.63355889672596,0x19919F98DD7886746558fACE5870BC41d47d6c9c
verysillyman,83,304.0745256364393,0,0.0,0.0,-0.0,304.0745256364393,0xEe1B2A2679Da95479Bd6421Ae635598425083A49
DrengDrengesen,160,264.3586692267819,0,0.0,0.0,-0.0,264.3586692267819,0x4D96456D6E0CBFf7Aa847E681911f8DD1f208aa0
ShadowKnight324,129,367.3716717893307,1,0.0,2.0,-110.75207171522385,256.61960007410687,0xdea176973310D5bdfE5D8bE85Ff7B5Ea5Ab060f0
Lordofthewhales,151,206.02600512509764,1,44.30082868608954,0.0,-0.0,250.32683381118719,0x3607C4Ae351264892154bdab2d65622B8f5420fE
SeedUseg,67,245.74186153475503,0,0.0,0.0,-0.0,245.74186153475503,0x692D14A7345DBb611285E16aD3C8b82Be490aE8D
Soil_Electronic,119,238.29513845794426,0,0.0,0.0,-0.0,238.29513845794426,0xD6009d81240658cC078aC43fb3Fb108F35b811D0
soialboobar,306,209.74936666350303,1,22.15041434304477,0.0,-0.0,231.89978100654778,0x9b602De1710E7C8841b6d2fcEcB76DC16486B1Fd
ShroudThe,68,225.88393332992632,0,0.0,0.0,-0.0,225.88393332992632,0x6B26e2B55c26EeA9dd8483111F54386f60565262
middlemangv,109,212.2316076891066,0,0.0,0.0,-0.0,212.2316076891066,0x9d0D3181E0d70A3ac218155723896C02Df387B31
Asleep_Fact_2549,138,204.78488461229585,0,0.0,0.0,-0.0,204.78488461229585,0x0CCeCFA1cf708a063Fe6b8306363430091B56228
BigRon1977,247,198.57928204828687,0,0.0,0.0,-0.0,198.57928204828687,0x65C33426B9eB958dA182d008f3e40597398Eb752
ablablababla,234,191.13255897147613,0,0.0,0.0,-0.0,191.13255897147613,0x5DFa59d24554d3cb74e8153F7F44336C6eD287C1
lennethluna,118,177.4802333306564,0,0.0,0.0,-0.0,177.4802333306564,0x8646c3b82527fd653Cd29392Eb178fd8C2e4e763
DIYrself,67,173.75687179225102,0,0.0,0.0,-0.0,173.75687179225102,0x5B45daBABe4756460D131C355d36cC4F82EDccf3
MrThisThat,67,49.64482051207172,1,110.75207171522385,0.0,-0.0,160.39689222729555,0xFC601d229a96a4994034b701275dac78803a70C1
brahmazon,58,151.41670256181874,0,0.0,0.0,-0.0,151.41670256181874,0xEB6840d6E39ceC69fb221127199f99f2Cd95b33d
6reficul,46,127.83541281858469,1,75.31140876635223,1.0,-55.376035857611924,147.77078572732498,0xc22fEc1FdE5035923874Ac3ffD2C412799712f9f
allstater2007,59,125.3531717929811,0,0.0,0.0,-0.0,125.3531717929811,0x7499255C38340cEd727D82eBb3BEE390844B05c5
kytallguy66,119,124.1120512801793,0,0.0,0.0,-0.0,124.1120512801793,0x56758f6D3F5F74ddB91455ad1087cb4Eb4E7873E
satoshiwife,1,1.241120512801793,2,177.20331474435815,1.0,-55.376035857611924,123.06839939954801,0x67F036A4C4Dd5132A120c59Ab97a43D7d1d629C2
Slight-Syrup6769,101,122.87093076737752,0,0.0,0.0,-0.0,122.87093076737752,0x3F2f09285680A794f2bF10d13CFF61a623D11766
Guldrion,54,121.62981025457572,0,0.0,0.0,-0.0,121.62981025457572,0x12859b4528b8B9EFaDc5530e30721a6087FBB4Fd
alf_london,10,43.439217948062755,1,132.9024860582686,1.0,-55.376035857611924,120.96566814871943,0x23B4B8A5f50f9607C915Bcbab4B3c13A5b03302b
Littlebig4667,3,1.241120512801793,1,228.14926773336114,2.0,-110.75207171522385,118.63831653093908,0x9D20bD90CD8b496b96F180AE4D505599169c2287
deltav8,68,112.94196666496316,0,0.0,0.0,-0.0,112.94196666496316,0xB65F0d04f34289785e48074644b95B238862a2E6
nethanns,64,94.32515897293626,1,17.720331474435817,0.0,-0.0,112.04549044737209,0xB3184DA621427417e4991eD9321895e03052608E
Ok-Dare-621,64,110.45972563935958,0,0.0,0.0,-0.0,110.45972563935958,0x4f2b48fc9b5d20a0bc624f759AD9D23d2530B85b
Asad2047,82,107.97748461375599,0,0.0,0.0,-0.0,107.97748461375599,0x9f9AE792615dCfbe251b9fcEB68Df89381725C3b
Hungry_Original_1599,63,117.90644871617033,1,44.30082868608954,1.0,-55.376035857611924,106.83124154464795,0x25720984148a9C7d185aaA382a72aEdf648C78A9
Jojo_0513,53,28.54577179444124,1,132.9024860582686,1.0,-55.376035857611924,106.07222199509792,0xDa22f5D526083d91985b2363E6E50Cf7a34cf58b
nakamo-toe,89,104.25412307535062,0,0.0,0.0,-0.0,104.25412307535062,0x7d84260958Eb275a29c3805679bA2DfA480DD802
Kappatalizable,23,100.53076153694523,0,0.0,0.0,-0.0,100.53076153694523,0xEB9a6E724925B178d9627CE05208Cfe6A5C11447
0crystalmeth1,0,0.0,1,155.0529004013134,1.0,-55.376035857611924,99.67686454370147,0x2DE5dEa5A023F272184cc9dFb21E2dfd73B765f1
KycLonged,99,96.80739999853985,0,0.0,0.0,-0.0,96.80739999853985,0x86202121DE3C5ac5Acfeb3C5816a58A207e2633F
topcontender,14,83.15507435772014,1,66.4512430291343,1.0,-55.376035857611924,94.23028152924252,0xe921c7ba928dBA3846C379d9Eed15bC134e81168
milonuttigrain,40,91.84291794733268,0,0.0,0.0,-0.0,91.84291794733268,0x40a255d2897129097c73E174D7abfE54BFb205Ee
bleakj,21,13.652325640819724,1,132.9024860582686,1.0,-55.376035857611924,91.17877584147641,0xF203aC318793490384281Dd3516f3Cb2Fe16865A
dead-spiral,65,90.6017974345309,0,0.0,0.0,-0.0,90.6017974345309,0x7687fbc6D50EA1620105A0e271B8Cb6239905121
Manateeboi,29,85.63731538332372,0,0.0,0.0,-0.0,85.63731538332372,0x178C6c45c98dAC52861Cd78786A530a18c56a465
MichaelAischmann,45,84.39619487052192,0,0.0,0.0,-0.0,84.39619487052192,0xa18aBe5EDDaB2cdBF2837425FAaf32bd9B0085Dc
Mysterious-Peak464,6,3.723361538405379,2,132.9024860582686,1.0,-55.376035857611924,81.24981173906207,0x5B9b72094e26868C22707230B00f691c2fAb5088
SqrHornet,36,79.43171281931475,0,0.0,0.0,-0.0,79.43171281931475,0x5cfC173CCdF4c7A61d0AB61a9Ee5e34c1195ccC1
FranzJosephBalle,50,79.43171281931475,0,0.0,0.0,-0.0,79.43171281931475,0xD1906a5eDDD9034b7D369ACD254aBf0d0f763CA6
Fumbles1231,23,74.46723076810758,0,0.0,0.0,-0.0,74.46723076810758,0x0373d212375bEE0B59813a5B39F00B7BBADFec3E
Fun-Literature4569,35,74.46723076810758,0,0.0,0.0,-0.0,74.46723076810758,0x1C7a41f7b24d189662322Cc949a7B214B630365d
economist_kinda,30,73.22611025530578,0,0.0,0.0,-0.0,73.22611025530578,0x09e8a60Fa9a4EeeCfe2f4eC2D08ddA56307d48C9
Cyrus_114,46,73.22611025530578,0,0.0,0.0,-0.0,73.22611025530578,0x9f5Ec6df428221eF1D2D22DBd92c5E8ED56A1389
Newbies999,35,71.984989742504,0,0.0,0.0,-0.0,71.984989742504,0x244516FA532573AD0AF456f28D661087Ef2057C2
Guyserbun007,8,3.723361538405379,1,66.4512430291343,0.0,-0.0,70.17460456753969,0x214b56307f0da66d699b3DA831895D4EEd2947B5
mallison945,31,67.02050769129683,0,0.0,0.0,-0.0,67.02050769129683,0x61b13c8435BA6BDb6D352d18F9ba6BDd02bb34a6
Murky-Statistician45,48,65.77938717849503,0,0.0,0.0,-0.0,65.77938717849503,0xDBCaB1c771c87b3BDeD8EE7E8Df5cBd17DD84145
ethereum88,56,65.77938717849503,0,0.0,0.0,-0.0,65.77938717849503,0x191692F362fC815F39ED894926cFd5E672e35B3E
Hattorius,15,9.928964102414344,1,110.75207171522385,1.0,-55.376035857611924,65.30499996002627,0x7982985F05a9dabD3F26dC81CB161f440BE48eE5
sponge_hitler,3,63.29714615289144,0,0.0,0.0,-0.0,63.29714615289144,0x4e903Ac6D5B9CcA4aB2Fe015cfEeF2f75476cFfB
Most_Being_4002,44,62.05602564008965,0,0.0,0.0,-0.0,62.05602564008965,0x687B1FB763b9956500F18c5611D29eFC7B9c163A
Wrong-Spirit-391,16,28.54577179444124,9,420.85787251785064,7.0,-387.63225100328344,61.77139330900843,0xc800edAecBA0feA58Df6CEE467535aD6fF54CE62
Thorp1,42,58.33266410168427,0,0.0,0.0,-0.0,58.33266410168427,0x3f65Ad6363073D3328b3F47273D7F3C7f574fD13
cajunrajing,50,58.33266410168427,0,0.0,0.0,-0.0,58.33266410168427,0x2EfBdBAf6a3a9d7BB2070aa7a16318a67C730534
Designer_Collection1,21,64.53826666569324,1,48.730911554698494,1.0,-55.376035857611924,57.89314236277981,0x0B25171E1cea76DDfCB494d2888F9d4B8b6404F0
BusdCare,48,57.09154358888248,0,0.0,0.0,-0.0,57.09154358888248,0xa1DcD2a5a1c2db47415d275F67b0B802b29352cF
BestEmergency5826,24,55.85042307608069,0,0.0,0.0,-0.0,55.85042307608069,0xf8b45423Afb4144fCE5a2910fFE124067704043a
whaterloowhorks,0,0.0,1,110.75207171522385,1.0,-55.376035857611924,55.376035857611924,0xdb721582DC092c59692221D89103061c8B955d7C
Abysskitten,39,54.609302563278895,0,0.0,0.0,-0.0,54.609302563278895,0x44c40501f71050116Cc687acAEC0CE7798D69331
liting88,37,53.3681820504771,0,0.0,0.0,-0.0,53.3681820504771,0xA2Ee8CF8779C80ea187a6709f0e7974eF0E0AeEE
NftMate,65,52.12706153767531,0,0.0,0.0,-0.0,52.12706153767531,0xA9909ACfe3a4eb3dd44ccDe3A4A201F8ae22afB7
JETTTZOR,0,0.0,1,106.32198884661491,1.0,-55.376035857611924,50.94595298900299,0x401cD2a6590a19E9860281A3157b0B5E76dE1dc2
DAMG808,41,49.64482051207172,0,0.0,0.0,-0.0,49.64482051207172,0xAd4c751A0c4f4BF438c571c40e84e3E414A47558
internetisbad23,24,48.403699999269925,0,0.0,0.0,-0.0,48.403699999269925,0x9F8FC4F34eA672796e0ce794BBfC88506003dd5b
Diamond_Hands420,25,47.16257948646813,0,0.0,0.0,-0.0,47.16257948646813,0x769cE0D500a19103965bC9E4b8642d89D892fD62
gunitmale,13,2.482241025603586,1,44.30082868608954,0.0,-0.0,46.78306971169312,0x0EAfa64a3F4716ABC8a2be68896927dA11fE5533
Consistent-Stage-217,30,43.439217948062755,0,0.0,0.0,-0.0,43.439217948062755,0x1bE469dDB5eCe81e478f65F5b1fDa4bcfEa879A4
emlanis,8,9.928964102414344,1,88.60165737217908,1.0,-55.376035857611924,43.15458561698149,0x67815F24FBAc9Ec4B5013234eBaf1733005b2EB5
Barcode011011,51,78.19059230651295,1,19.93537290874029,1.0,-55.376035857611924,42.74992935764132,0x7d8fa3f8C77DeAB8319C4F154307Ed82FD66ac78
SkyDefender,14,39.71585640965738,0,0.0,0.0,-0.0,39.71585640965738,0x0d44e0c347abbF61205fdde267866E115107B692
ripple_mcgee,21,39.71585640965738,0,0.0,0.0,-0.0,39.71585640965738,0x75Cc84e5a3a69eb26C26261fd7A594d1F5011D39
Temporary_Principle1,6,4.964482051207172,1,88.60165737217908,1.0,-55.376035857611924,38.19010356577432,0x4354d3ef27d7b00bA9382cDBEF2292f89D4DA841
PeacockMamba,5,4.964482051207172,1,88.60165737217908,1.0,-55.376035857611924,38.19010356577432,0x81c257f559196aE212776c47044dd082858A11DA
TokenAcept,32,37.23361538405379,0,0.0,0.0,-0.0,37.23361538405379,0x05175DE3ed43CC7a51f605798fe38cA04030Dac0
TheLelouchLamperouge,28,35.992494871252,0,0.0,0.0,-0.0,35.992494871252,0x672aDa9CBab90EA1c9Ae920fB30ad10ABa260964
feric89,13,33.510253845648414,1,57.5910772919164,1.0,-55.376035857611924,35.72529527995289,0x7da0568C3572C4d1eB901e5936A3d79A180C6786
TotalRisk519,59,139.00549743380083,3,62.02116016052536,3.0,-166.12810757283577,34.89855002149042,0x9efc94b75584A328F5b26E0ca89D07da743150f6
DrkLord79,12,34.75137435845021,0,0.0,0.0,-0.0,34.75137435845021,0x3b8057D96a5329E16F58F34652dfF41d6161Ef1E
Dark_Raiden_,1,34.75137435845021,0,0.0,0.0,-0.0,34.75137435845021,0x8dd53427A96EE8bfF404906BdebD4d883bC50aeb
BornSelector,45,34.75137435845021,0,0.0,0.0,-0.0,34.75137435845021,0x9591729A814339368C415589C5d920292Df8D59B
Barbarossabros,7,34.75137435845021,0,0.0,0.0,-0.0,34.75137435845021,0x60506139EBd24428e377956Be9BAB4a1C05EC841
EpicureanMystic,16,34.75137435845021,0,0.0,0.0,-0.0,34.75137435845021,0x67Ef1DA6A8cF5Fe5089874F3175eA09e7F8d1cA1
shostakofiev,11,33.510253845648414,0,0.0,0.0,-0.0,33.510253845648414,0x143884B56a50c2cE9a90c4029F339672a8dFc1AE
justhodlmate,5,32.26913333284662,0,0.0,0.0,-0.0,32.26913333284662,0xb46eCC4087d57F75c3ac974Af2CDaF9f98820Cd6
CrispyDonutBot,15,32.26913333284662,0,0.0,0.0,-0.0,32.26913333284662,0x7A5518E69213AbDC07CBb96a495Dd0eBd9792487
GrandmasGiantGaper,28,31.028012820044825,0,0.0,0.0,-0.0,31.028012820044825,0xfC7f3ec743fB0E9fe6cEC8469d11DD5C89b96E6c
Important_Addition,13,19.85792820482869,1,66.4512430291343,1.0,-55.376035857611924,30.93313537635106,0x3Ae224572fb2806280F29C23Eda234DE980406DF
Cryptoenailer,9,28.54577179444124,0,0.0,0.0,-0.0,28.54577179444124,0x75Ecd5845C41bb7E0c99F83E8cEc13a90E03dA0D
TheElusiveFox,9,28.54577179444124,0,0.0,0.0,-0.0,28.54577179444124,0x577a9E28fBB2e0b41b94fD96F33B1dDD308259E3
Weekly-Leather7581,3,1.241120512801793,1,26.58049721165373,0.0,-0.0,27.82161772445552,0xb3a9442E64481445944B8E482B07e065dB5c099b
SexBeforeChurch,43,83.15507435772014,0,0.0,1.0,-55.376035857611924,27.779038500108214,0xE5F0aD384f27dC2F9f7EF88AF52AaA8560456841
ToshiSat,12,26.063530768837655,0,0.0,0.0,-0.0,26.063530768837655,0x378Ea7e7E7Db2501573a22aecc4A2269C89642C1
Haruhi4,14,26.063530768837655,0,0.0,0.0,-0.0,26.063530768837655,0x12985951Fa7051f0b1AE2C0749C8285bD742A82b
HeirOfRhoads,6,26.063530768837655,0,0.0,0.0,-0.0,26.063530768837655,0x272431b93a06eF4B02F8BD29b5031e91A2eA829B
This_Red_Apple,22,26.063530768837655,0,0.0,0.0,-0.0,26.063530768837655,0x0A2C343fc58354848508AB4A4c3AB41dFd39a793
fishyflu,4,26.063530768837655,0,0.0,0.0,-0.0,26.063530768837655,0x9E2bC5815a0fDCBb0c77C2D369F27C45f588438F
Bobby_Juk,26,24.82241025603586,0,0.0,0.0,-0.0,24.82241025603586,0xA770Fd77DE7619B10301714C7733133b4A520210
Jeff5704,12,24.82241025603586,0,0.0,0.0,-0.0,24.82241025603586,0x6933194C91E0178bCc7917100FB69B74Ae9DB6aC
Theonlyeasyday,13,13.652325640819724,2,66.4512430291343,1.0,-55.376035857611924,24.727532812342105,0x4F9960B2A808e8083C2D12420Aba4496D10e6D37
sparky5dn1l,2,2.482241025603586,1,22.15041434304477,0.0,-0.0,24.632655368648354,0x543522eC4cD04DE9479CDE911cb822CE73E6fE9d
DigStock,6,23.581289743234066,0,0.0,0.0,-0.0,23.581289743234066,0xF103A971092B2f3BEaD0688B82498b932bCB7EA7
J-96788-EU,16,12.41120512801793,1,66.4512430291343,1.0,-55.376035857611924,23.486412299540305,0x2AAB3E4A213052C648A6331d28d5e0F3abD6C167
DrRobbe,24,22.340169230432274,0,0.0,0.0,-0.0,22.340169230432274,0x5eD61dee19B3355cf125a5cB95bEC8f344523628
Drlitez,6,22.340169230432274,0,0.0,0.0,-0.0,22.340169230432274,0xB16ea836628e05c67928A562e82334884D9FA36C
Peacemaker_prey,16,22.340169230432274,0,0.0,0.0,-0.0,22.340169230432274,0x585d13e60E0afc2da9ff7E2b37aD5733F256Fb58
Security_Raven,18,21.09904871763048,0,0.0,0.0,-0.0,21.09904871763048,0xFBddB66A587515789f4bF2bFA5e19FE98e980104
fiddlefaddlefofum,14,21.09904871763048,0,0.0,0.0,-0.0,21.09904871763048,0xBaa4aA7Ee47fA6dfDe05EBC589440Fd07E8B1135
Low-Basis4431,17,21.09904871763048,0,0.0,0.0,-0.0,21.09904871763048,0xC2ee88b6D4a22842A41473070f9C037eAAc49d28
lucashcy_97,9,21.09904871763048,0,0.0,0.0,-0.0,21.09904871763048,0xEDBaF914C6cCEa8352512808060C6b253B6a69CB
Linewleum,14,21.09904871763048,0,0.0,0.0,-0.0,21.09904871763048,0xCEC3B35E18e71779B84594798A8f3552D0b9CCE2
SecondTimeQuitting,16,19.85792820482869,0,0.0,0.0,-0.0,19.85792820482869,0xb0cE83158AB1B9A6244BD72d6124b8D0B805f7D9
iShakeBanano,14,19.85792820482869,0,0.0,0.0,-0.0,19.85792820482869,0x873C3942A377E0AF01d0Cb13Aa2C9802CE779fcb
Excellent4nything0,14,19.85792820482869,0,0.0,0.0,-0.0,19.85792820482869,0x00346C28cff53feB70612b4c9Efc061c987c1C62
dannygladiolas,24,19.85792820482869,0,0.0,0.0,-0.0,19.85792820482869,0xebcEc91f30aEF09C6187E597f8cA4f9021fA7B2F
foreignGER,16,19.85792820482869,0,0.0,0.0,-0.0,19.85792820482869,0x3E0231812cA1b81c180DA4537B8F2eb4Df380e32
Lord-Nagafen,6,19.85792820482869,0,0.0,0.0,-0.0,19.85792820482869,0xCB5a385fBfc15929c18E1Df889a2073aDE320588
Intrepid-Parsnip-535,10,8.687843589612552,4,232.57935060197008,4.0,-221.5041434304477,19.763050761134934,0xDdb24b7F8Fe350D4D78b88eE10a64C5c94a2e4A3
fetushippo,16,18.616807692026896,0,0.0,0.0,-0.0,18.616807692026896,0x66d6C930d108c2A098Df08009202364B07eC1674
strongkhal,15,18.616807692026896,0,0.0,0.0,-0.0,18.616807692026896,0x6D083f836B5DF32E73d000b002CF5Fd47DCffD1F
Kush-T420,16,18.616807692026896,0,0.0,0.0,-0.0,18.616807692026896,0x54e321fd17155ed6F25c6B42Ab393EABfF40E5FE
ieatmoondust,7,17.375687179225103,0,0.0,0.0,-0.0,17.375687179225103,0x9ee35d42E469532b7bB5dfB2E94fA456E01C9c9f
HippieStarTraveler,117,17.375687179225103,0,0.0,0.0,-0.0,17.375687179225103,0x81d44927bB42fD1114607f3B0bC0354E162E2103
Simple_Mastodon9220,19,17.375687179225103,0,0.0,0.0,-0.0,17.375687179225103,0xd28248A70B46E525A2b6f327Ff3C2D81ba97dC2E
diydave86,16,17.375687179225103,0,0.0,0.0,-0.0,17.375687179225103,0xdDc8322BE453687FFd2EFE634473aA422eA78746
jamesrosshill,12,6.205602564008965,1,66.4512430291343,1.0,-55.376035857611924,17.28080973553135,0xFc2C0F3925a0Eb03824059421C7C031B34a4788A
JGCheema,8,16.13456666642331,0,0.0,0.0,-0.0,16.13456666642331,0x807ECF291DeFe8D3400041394158ed83Ef035bF5
ElektricDonut,4,16.13456666642331,0,0.0,0.0,-0.0,16.13456666642331,0x65f87aCc6b3c42bACf65770966c57036DaF5eccc
Any-Pressure3471,17,16.13456666642331,0,0.0,0.0,-0.0,16.13456666642331,0x416658b7e98bb21EcF917e946e57A7da99DBF483
Suspicious_Ad9979,8,16.13456666642331,0,0.0,0.0,-0.0,16.13456666642331,0xB11d9a7F20225F11E3e7678131138242602B5a11
bkcrypt0,7,16.13456666642331,0,0.0,0.0,-0.0,16.13456666642331,0xE003C45A1B4afbbeB0816053fD90c7c91c8d32AB
qldvaper88,7,14.893446153621516,0,0.0,0.0,-0.0,14.893446153621516,0x233aB8F258590F31E0Ae07FA47477E3D09e74F65
East_Ask_2385,3,14.893446153621516,0,0.0,0.0,-0.0,14.893446153621516,0xD1e98Dfa7E3467E62eBcB11270707dDF553b5bcF
wales-bloke,11,14.893446153621516,0,0.0,0.0,-0.0,14.893446153621516,0x99dbCd0732Df1A4Aa0bb45d313cA1f22Ee2b4062
Good_Extension_9642,22,14.893446153621516,0,0.0,0.0,-0.0,14.893446153621516,0xe64A9075826531d09931dD58D2D3cA8B94F8B49a
99MushrooM99,14,14.893446153621516,0,0.0,0.0,-0.0,14.893446153621516,0x9671533F566EBAc97c139B07A4B707F9D5733b26
Etherhenny,5,14.893446153621516,0,0.0,0.0,-0.0,14.893446153621516,0x6FaEcFFC81179aC7A5cCF3033c2B3bcC1A7e6a3c
iAVControls,14,14.893446153621516,0,0.0,0.0,-0.0,14.893446153621516,0xaF637A5400AE46d7754074bA3a7aB062a7ea28A7
JROD5195,7,3.723361538405379,1,11.075207171522385,0.0,-0.0,14.798568709927764,0x8aaC9d10a8aD0369C164e01816893D1C4a213B9d
Jasmyiot,9,1.241120512801793,1,13.290248605826864,0.0,-0.0,14.531369118628657,0x4a7CaB49e7220f71C860FEB53A023ca2B5E57392
ALiteralHamSandwich,8,13.652325640819724,0,0.0,0.0,-0.0,13.652325640819724,0x5f9D94CC0071aCaF471Ec711143085E0DCdf453a
overallpersonality8,9,13.652325640819724,0,0.0,0.0,-0.0,13.652325640819724,0x726D7a896cC7F301Dfecd0E04A0F1E857462a2fD
CoverYourMaskHoles,7,13.652325640819724,0,0.0,0.0,-0.0,13.652325640819724,0x767d2d99d48Ec9b41E8221e9DA9d8Acd2C3B55c9
GulibleFox,4,13.652325640819724,0,0.0,0.0,-0.0,13.652325640819724,0x03be8f49c773c37a214eC4Bb5C5B4b1701D2907b
SpecialistComposer88,4,13.652325640819724,0,0.0,0.0,-0.0,13.652325640819724,0x477fF44a8c15880E3D06279904376e60Ac264CF6
ReasonReasonable7168,12,13.652325640819724,0,0.0,0.0,-0.0,13.652325640819724,0xB792D744DD3E83e297b0316334Fdaecf525443D8
coinsRus-2021,19,13.652325640819724,0,0.0,0.0,-0.0,13.652325640819724,0x610C5Ad8799F645F4dE03dd9509428B96b3b4EA7
MrReed404,12,13.652325640819724,0,0.0,0.0,-0.0,13.652325640819724,0x3C622c1c3652d00800233b527ba7fCA4b7e6EEc5
Livareness9947,2,13.652325640819724,0,0.0,0.0,-0.0,13.652325640819724,0xd5038d032D61e5908CeAED32A95B684564dA32e3
towjamb,8,12.41120512801793,0,0.0,0.0,-0.0,12.41120512801793,0x6AA08E1E39958055836F31906C6ff8c072e8C0F3
420weedscopes,3,12.41120512801793,0,0.0,0.0,-0.0,12.41120512801793,0x4d22f2d09f9E49B014E3a1AFC4f903a25a8c17FD
LilErob222,7,12.41120512801793,0,0.0,0.0,-0.0,12.41120512801793,0xEC340B0483496A7f1378245862dcd74c79F7d29a
final_lionel,5,12.41120512801793,0,0.0,0.0,-0.0,12.41120512801793,0xddeF3dca5B27622e53Bad51569db8f3F72EDd1F8
MgSife,9,12.41120512801793,0,0.0,0.0,-0.0,12.41120512801793,0xd603A3b0E0B6079A24b922b7119f84cc175190a1
FTX-SBF,5,12.41120512801793,0,0.0,0.0,-0.0,12.41120512801793,0xa419177485e7A0ef58a8632F6A41f9AbfA416898
Usual-Locksmith4657,7,12.41120512801793,0,0.0,0.0,-0.0,12.41120512801793,0x5f98883A30f4f9678F0EE9EA04f8F33CA493b855
Future-Goose7,15,12.41120512801793,0,0.0,0.0,-0.0,12.41120512801793,0xAB130A8d525382878615eDcdf0f1dff791CFa4cc
sidmehra1992,11,12.41120512801793,0,0.0,0.0,-0.0,12.41120512801793,0x8b8b367466CAD36cbbD3dde46682927371dFF630
Roy1984,10,12.41120512801793,0,0.0,0.0,-0.0,12.41120512801793,0x0cC7dAE1748e8E5371b2e2b47a5D9446E1D46546
Zealousideal_Ice8918,4,12.41120512801793,0,0.0,0.0,-0.0,12.41120512801793,0x2084982AA1305713E15b3Fc2F64f4ce0Bf9c6fa3
Individual_Wallaby25,6,11.170084615216137,0,0.0,0.0,-0.0,11.170084615216137,0xA38cDa935B26906d1F3900634b1f7a4915C16011
RaulCapablanca,3,11.170084615216137,0,0.0,0.0,-0.0,11.170084615216137,0xB58A789D6CAd225624C7d80C833AA89C55123e99
BigFatCat9712,8,11.170084615216137,0,0.0,0.0,-0.0,11.170084615216137,0x1Cd024af39d82Aea78C58f1ee517ad87A6C45921
xxxpussydestory3rxXx,21,11.170084615216137,0,0.0,0.0,-0.0,11.170084615216137,0xcf2F9664d545C3BB72b47f744307489DE8834FcB
awaythrowred8,4,11.170084615216137,0,0.0,0.0,-0.0,11.170084615216137,0x176B168819aC3312E1631f18996d7Acd347b7e56
ChemicalGreek,2,11.170084615216137,0,0.0,0.0,-0.0,11.170084615216137,0x1D9497BA7e7A6306eD1d3fA29BFd9C040f95b857
subdep,18,11.170084615216137,0,0.0,0.0,-0.0,11.170084615216137,0xeCf56076be8790a24E44f6c27D6Fe304754eCF41
Horror-Yard-9822,10,11.170084615216137,0,0.0,0.0,-0.0,11.170084615216137,0xfF4a06BF2C61f7184c11C781c21Ae044148E6B71
ST33I7,4,11.170084615216137,0,0.0,0.0,-0.0,11.170084615216137,0xA0D5610b87300DFe0ed256013D6fcf5FD5F3d426
lordofming-rises,7,11.170084615216137,0,0.0,0.0,-0.0,11.170084615216137,0x92614001b078d7c315A7956Bb1b66963c4e6a434
NoProfessional232,4,11.170084615216137,0,0.0,0.0,-0.0,11.170084615216137,0xC5804d586dA0779EbEbD3FA202Ffa53d8B09E9b0
KIKOMK,8,11.170084615216137,0,0.0,0.0,-0.0,11.170084615216137,0x09C46f5E6Dfb2b35B3cC1Fc061202faA3819b4Ad
Mr_MatF,5,9.928964102414344,0,0.0,0.0,-0.0,9.928964102414344,0x77A9900a29109f86B1C9c6835d3647D067CA759E
Ofulinac,5,9.928964102414344,0,0.0,0.0,-0.0,9.928964102414344,0x17786B2a345E16A00ABDC9Fe93EBE2EDC71feEeB
papabear6060,1,9.928964102414344,0,0.0,0.0,-0.0,9.928964102414344,0x28fbcE734F59DA1a709b698e7C88cc39ef1DDD4b
Yoldark,13,9.928964102414344,0,0.0,0.0,-0.0,9.928964102414344,0x1542cBd59A301e8b8bceD150c752e5a49D196F04
LWKD,5,9.928964102414344,0,0.0,0.0,-0.0,9.928964102414344,0x313Fa8a362d5c0C3d5c5F408F1703f9Cbb3b7516
thinkingperson,7,9.928964102414344,0,0.0,0.0,-0.0,9.928964102414344,0x3B753afeE5EF08832Aff91C1556e080b4EFb680d
WineMakerBg,7,9.928964102414344,0,0.0,0.0,-0.0,9.928964102414344,0x2d7972a9b470e8Ac19dFf25bf4ba5f80F21f7944
Intelligent_Page2732,2,9.928964102414344,0,0.0,0.0,-0.0,9.928964102414344,0xf9B1a56C5343303b9B942bBce978C44B85C4D249
kalle_sol,3,8.687843589612552,0,0.0,0.0,-0.0,8.687843589612552,0xda984F3BdADB67e2bE82a6627988C16B92e476Bd
weallwinoneday,7,8.687843589612552,0,0.0,0.0,-0.0,8.687843589612552,0xC53b7a40d374f5253bb099704bF9951581B7053C
Nickel62,1,8.687843589612552,0,0.0,0.0,-0.0,8.687843589612552,0x68d2E117B2297e5161209788f9915D301d3cE532
j0n82,1,8.687843589612552,0,0.0,0.0,-0.0,8.687843589612552,0x278d23FeE93C48bd365BA6c02260F3C10CB365ee
doctorwho_cares,8,8.687843589612552,0,0.0,0.0,-0.0,8.687843589612552,0xB96F63E3a7C380214704893f8f38f91caF413321
maynardstaint,48,8.687843589612552,0,0.0,0.0,-0.0,8.687843589612552,0x66d6630F11103e33fAF06fE27Cdb415D66C637Fd
SBFgets25,5,8.687843589612552,0,0.0,0.0,-0.0,8.687843589612552,0xD8C32D2bB543CcA111D3fa8C782a3FcF6d9f8448
HarryDotter420,3,8.687843589612552,0,0.0,0.0,-0.0,8.687843589612552,0x5520E1534d617D353c4AC182FF298689ee2Fe91E
jinglesthemouse,1,8.687843589612552,0,0.0,0.0,-0.0,8.687843589612552,0x5200fb9312D1d512b1cae9F552693930DAF275d6
Mudd131,7,8.687843589612552,0,0.0,0.0,-0.0,8.687843589612552,0xC07c95C16E363eE7433015996ba322624c1AAC46
LiveFreeOrDai,2,8.687843589612552,0,0.0,0.0,-0.0,8.687843589612552,0x29aD3317a7E230Dcf30438fFF631c9ca6d733bBd
Armandeluz,9,8.687843589612552,0,0.0,0.0,-0.0,8.687843589612552,0x8d6Cf8Fb7345311205aBE5feB927b7099Bb93F4C
beerdrinker_mavech,4,7.446723076810758,0,0.0,0.0,-0.0,7.446723076810758,0x0ab9cb780BAAbd1aC9b93b31A756E255905106A0
Vivarevo,10,7.446723076810758,0,0.0,0.0,-0.0,7.446723076810758,0x8a945Ff7dBC68D7DEFeA264c9B838F6824671c01
badboybilly42582,3,7.446723076810758,0,0.0,0.0,-0.0,7.446723076810758,0x73F55D306dFB8E06bc4e2E90f3fA02a88f77D076
deckartcain,7,7.446723076810758,0,0.0,0.0,-0.0,7.446723076810758,0xA4d537811A3DB27d92502E8FC62CbeB2DF7D9BAF
evil_betty_,8,7.446723076810758,0,0.0,0.0,-0.0,7.446723076810758,0x1A86440fD49a1e85C46c66ba64C46b98b0e3b6Ab
chucchinchilla,7,7.446723076810758,0,0.0,0.0,-0.0,7.446723076810758,0x8D6eC6aBAfd2e5578d6F00584bB1F0492e702105
Tatakae69,2,7.446723076810758,0,0.0,0.0,-0.0,7.446723076810758,0xDD342E1Ca64C84aEa42fddeb2BFC978C88E2c693
CharlieTheo-14,6,7.446723076810758,0,0.0,0.0,-0.0,7.446723076810758,0x6931DE05e370FB5a93ebE2B91D1361db6a28653f
flavoredbeef,2,7.446723076810758,0,0.0,0.0,-0.0,7.446723076810758,0x8a22Ed00c7b6a991CB1d520b107eA118a66Aa54a
Goldbaerig,10,7.446723076810758,0,0.0,0.0,-0.0,7.446723076810758,0xEf3114817602E8d92cf35056a357c0Adc069d751
Nikolai_Volkoff88,9,7.446723076810758,0,0.0,0.0,-0.0,7.446723076810758,0x8AAfb3b4d83B91035066C671720172B492581C88
OldDomainer,2,7.446723076810758,0,0.0,0.0,-0.0,7.446723076810758,0x28abA2DFcf42eAdfEe60CeBFA650aC7184652424
FSTOPKILLER,5,7.446723076810758,0,0.0,0.0,-0.0,7.446723076810758,0x702D4B30d2f8a37bb14B83c0D93F41722c67C0B4
DistinctEngineering2,11,7.446723076810758,0,0.0,0.0,-0.0,7.446723076810758,0xb1007d8b6a0599637Fa7784993EAcEB26A94A89f
Primary_Technical,2,7.446723076810758,0,0.0,0.0,-0.0,7.446723076810758,0x13947FCFee78A156B64136097b36206897F4e253
Legal-Koala-7931,32,7.446723076810758,0,0.0,0.0,-0.0,7.446723076810758,0xFdc4709ccb6AeD8086c62f754B16dEF2966356e0
Ch40440,15,7.446723076810758,0,0.0,0.0,-0.0,7.446723076810758,0x8410926B0f5Ad6223343cD6C53C7cB33c3008A30
Bitcoinoverlord,2,7.446723076810758,0,0.0,0.0,-0.0,7.446723076810758,0x3F22Ef6Cd0E2F27F41e533283f1902b4F3621b3d
Affectionate_Hand_76,4,7.446723076810758,0,0.0,0.0,-0.0,7.446723076810758,0xdec20557d004b995EBb5B8eB21a681a77Ef54371
AdministrativeAide47,6,7.446723076810758,0,0.0,0.0,-0.0,7.446723076810758,0x36ea966371A6303AE239D4F87E8A18836ee28cD0
LordSerpant,2,0.0,1,62.02116016052536,1.0,-55.376035857611924,6.6451243029134375,0x5ae7c3f21Ea15DB926DF3B243E2c07727F837D95
Cryptonault,6,6.205602564008965,0,0.0,0.0,-0.0,6.205602564008965,0x226E9dA4B9C4DCbda571B5a01646C55AE0b5a52a
Krirby2,6,6.205602564008965,0,0.0,0.0,-0.0,6.205602564008965,0x950b8F33013E19dA33765Bc6b262FB3489b4833C
Despicable2020,18,6.205602564008965,0,0.0,0.0,-0.0,6.205602564008965,0xd4661f6e731Cc12C9cAe070dB2dc0545F0116679
CM19901,7,6.205602564008965,0,0.0,0.0,-0.0,6.205602564008965,0x676eDd42FcB0dC9852036cf6eCa52d3BE9204DFb
Bringerofsalvation,2,6.205602564008965,0,0.0,0.0,-0.0,6.205602564008965,0x83E590540fc9f70EB29d5BB8dFc98930ba3253bE
Alfnixpy,3,6.205602564008965,0,0.0,0.0,-0.0,6.205602564008965,0x9E7c0403432e25d6DFA2698c41E1D9cA281eAe11
oceandriveimages,6,6.205602564008965,0,0.0,0.0,-0.0,6.205602564008965,0x82eBd17438718a78d4e157f0A85eB48f2d3C5260
na3than,1,6.205602564008965,0,0.0,0.0,-0.0,6.205602564008965,0x88c9Af16a88487e43F3A8fDbf1580Ab6399FcDFF
Defiboy,2,6.205602564008965,0,0.0,0.0,-0.0,6.205602564008965,0x18ED21788DD68d620D7d56dE059Cd5783B47e563
I_know_my_Stuff,2,6.205602564008965,0,0.0,0.0,-0.0,6.205602564008965,0x6f295fDE5e163E5a68734aD13771F5672234f89C
Parush9,6,6.205602564008965,0,0.0,0.0,-0.0,6.205602564008965,0x4002cF92BC9cd5a835bDb61ff3068C4363DA2f50
UFONomura808,1,6.205602564008965,0,0.0,0.0,-0.0,6.205602564008965,0xF0d241d7C6ffE48D6bFb14e55882897548741De3
South_Concentrate_39,19,6.205602564008965,0,0.0,0.0,-0.0,6.205602564008965,0xF18aAD1B21dC879549C42A5E679Fb1aCCfBB6616
The_Rise_Of_Kyoshi,1,6.205602564008965,0,0.0,0.0,-0.0,6.205602564008965,0xC57E7Dbc975bBe02c0FEeE721B212f5162c4aC26
SharkOwO,8,6.205602564008965,0,0.0,0.0,-0.0,6.205602564008965,0x5e637a22309b4A3ecC51ABE05f5740C70b7E498f
UpDown_Crypto,10,6.205602564008965,0,0.0,0.0,-0.0,6.205602564008965,0x181BACB4c8bDc528Fa362001c0E4502723ABd279
H3rrZ0ckt,22,60.81490512728786,0,0.0,1.0,-55.376035857611924,5.4388692696759335,0x64C2e4e4e1654244f861066A9Ea824980cB3bA40
iNec01,2,4.964482051207172,0,0.0,0.0,-0.0,4.964482051207172,0x43e5FD1DD222BB2766eADe9fF52B4E1512b39810
jersey-city-park,4,4.964482051207172,0,0.0,0.0,-0.0,4.964482051207172,0xdcF7d587E6E96Fb58ed9Ff46bb040f73040Cbc6A
R_Boa,3,4.964482051207172,0,0.0,0.0,-0.0,4.964482051207172,0xFe9019B6Eb704021ea32F5331e74461ef0b8D744
Repulsive-Rooster811,8,4.964482051207172,0,0.0,0.0,-0.0,4.964482051207172,0xAd462b0347dF7e34a00D4cE510802510B735aD47
alien3d,5,4.964482051207172,0,0.0,0.0,-0.0,4.964482051207172,0xbF7a4603f7AD488b50123cbBB30d79F3c089645e
barcelonaKIZ,4,4.964482051207172,0,0.0,0.0,-0.0,4.964482051207172,0x81acc14141E247474ba90f4157910699c7CBaAb0
CommitteeSalt8099,3,4.964482051207172,0,0.0,0.0,-0.0,4.964482051207172,0x180a33550080816479b17e02B6D0f7178C2968A1
yankees3826,5,4.964482051207172,0,0.0,0.0,-0.0,4.964482051207172,0x7396d8aa25f2eeDD09F974c5b714c21dF8E1f173
Additional-Bug-7537,4,4.964482051207172,0,0.0,0.0,-0.0,4.964482051207172,0xBA5FCe24425fA4410d2D8eE9A3Ae7FCBa879ACAE
AVAutomator,2,4.964482051207172,0,0.0,0.0,-0.0,4.964482051207172,0x8A21147C7b2203DB998485623E8e13055638d3B2
chuloreddit,2,4.964482051207172,0,0.0,0.0,-0.0,4.964482051207172,0x6c63B2a66F089F19647f85bC51F6EAD09FbaB83a
BetoPazVal,1,4.964482051207172,0,0.0,0.0,-0.0,4.964482051207172,0x701f2bE6a47827f59151377a20637D6E500098A6
PumpkinSpice2Nice,5,4.964482051207172,0,0.0,0.0,-0.0,4.964482051207172,0xDe1C1106eE98b17366179D39A48025635F0eCaAc
Maleficent-Bison4749,4,4.964482051207172,0,0.0,0.0,-0.0,4.964482051207172,0x19B2B16E485A09F7c87f99D91c962Ff3c81383D6
JVHooligan,3,4.964482051207172,0,0.0,0.0,-0.0,4.964482051207172,0x45B74f08d50F042C1eA2fc9C525B4e57E2ed63A6
IsThereAnythingLeft-,4,4.964482051207172,0,0.0,0.0,-0.0,4.964482051207172,0x2B9557523c8826f4a11cF19e38899cfbf82869b0
MaMu_1701,4,4.964482051207172,0,0.0,0.0,-0.0,4.964482051207172,0x04D13B588514620766C5E5653575e6a82Ec52a7A
datasmash,2,4.964482051207172,0,0.0,0.0,-0.0,4.964482051207172,0x53eFe16CC25D650eF6f6D986cb4F3308B6E51dC8
MixCarson,4,4.964482051207172,0,0.0,0.0,-0.0,4.964482051207172,0x070BF5c3e0B438378e047C1C82405585b6174d1F
LeParfait271,6,4.964482051207172,0,0.0,0.0,-0.0,4.964482051207172,0xdA896E5063b79aBeb34E878dF4dDC10DeD37C7Ad
kajunkennyg,5,3.723361538405379,0,0.0,0.0,-0.0,3.723361538405379,0x2a907bf4718f3c7e1770d545E1138bA0E829B0Be
zmlari,1,3.723361538405379,0,0.0,0.0,-0.0,3.723361538405379,0x06d933D482A52bfe0DE041d625dECCB8cc4f1f6E
deluded_soul,3,3.723361538405379,0,0.0,0.0,-0.0,3.723361538405379,0xB04d7EFfdEDCcFAa405BC68C5bF73153F31e0b1b
livethalife,2,3.723361538405379,0,0.0,0.0,-0.0,3.723361538405379,0x59f39615544c8F374d1A48aA2fb050b2Ce627bf4
greenwolf_12,4,3.723361538405379,0,0.0,0.0,-0.0,3.723361538405379,0xe0c5b09eb1616b948103FDa95d69c9b7503a4c15
raztacraft,4,3.723361538405379,0,0.0,0.0,-0.0,3.723361538405379,0x4EbeC131deA887FC01aD3E7cC061E6dD8cDbcdd2
redditaccount300000,5,3.723361538405379,0,0.0,0.0,-0.0,3.723361538405379,0xfDE300B523A623707531E2Da9ca69A6a0e78BF35
riftadrift,4,3.723361538405379,0,0.0,0.0,-0.0,3.723361538405379,0xB7Ab468d4B6B548727df9F03979D0d406143aB9f
rointer,2,3.723361538405379,0,0.0,0.0,-0.0,3.723361538405379,0x90b99298b641D2c080ce6b019f8B8E82717DA736
kaws69,2,3.723361538405379,0,0.0,0.0,-0.0,3.723361538405379,0x0d32488Ce28dD1cEB33724eDA5a65Be2d9E3d095
cdbriggs,6,3.723361538405379,0,0.0,0.0,-0.0,3.723361538405379,0xdEAFc9CFBaE018628AEfcccFb60954e6926eb3c0
zyppoboy,2,3.723361538405379,0,0.0,0.0,-0.0,3.723361538405379,0x51E78a26151D87cD9A88de3d507254DdEDD75fa1
carlslarson,1,3.723361538405379,0,0.0,0.0,-0.0,3.723361538405379,0x95D9bED31423eb7d5B68511E0352Eae39a3CDD20
BicycleOfLife,4,3.723361538405379,0,0.0,0.0,-0.0,3.723361538405379,0x3Bfe6382e9df80a3223D2695D51607D5db6ce680
Dr_Tacopus,3,3.723361538405379,0,0.0,0.0,-0.0,3.723361538405379,0xCb064B4Db662344101CBE52ef756998336bAfd88
SweetAndSourShmegma,1,3.723361538405379,0,0.0,0.0,-0.0,3.723361538405379,0x26E3657317e0EE1F1F1F3fA9Ba3b30275594Ab5A
Cyber-Cafe,1,3.723361538405379,0,0.0,0.0,-0.0,3.723361538405379,0xdB950096F33FE54759a2C62471D7Ce26e6316009
GBeastETH,10,3.723361538405379,0,0.0,0.0,-0.0,3.723361538405379,0x6210477B3025BF5ea50A35D39e7D2875dC11661c
ConeDesk,1,3.723361538405379,0,0.0,0.0,-0.0,3.723361538405379,0x0a5606fE105B3c07980C0f125C20914FF197CE77
Wonzky,2,3.723361538405379,0,0.0,0.0,-0.0,3.723361538405379,0x341AFd0e78ac7cA6dBa21f6F5dee135c76fc2044
Yellowflash274,1,3.723361538405379,0,0.0,0.0,-0.0,3.723361538405379,0x5d5d77e6FF944Bad6FABBD392D6E44a2445fDbd9
BigDogSteve100,2,3.723361538405379,0,0.0,0.0,-0.0,3.723361538405379,0x5AeD310B1d1174339FB196418624472933b650B6
Somsanite7,4,3.723361538405379,0,0.0,0.0,-0.0,3.723361538405379,0xB6138935133f6E4176999bd0819c6127E64C8012
KuriTokyo,3,3.723361538405379,0,0.0,0.0,-0.0,3.723361538405379,0x1234567890123456789012345678901234567899
Mediocre_Horror_194,7,3.723361538405379,0,0.0,0.0,-0.0,3.723361538405379,0xe827dc5bF6B9dd13f8287c5D13aaA9046c1aA6af
bachigous23,1,3.723361538405379,0,0.0,0.0,-0.0,3.723361538405379,0x96Db1dFe61dF55a97a9dc46018cB0258d15d02F5
Arafel_Electronics,2,3.723361538405379,0,0.0,0.0,-0.0,3.723361538405379,0xd87c138715649Aab580069F24e3716CC56A51C43
Klemko1177,5,2.482241025603586,0,0.0,0.0,-0.0,2.482241025603586,0x44A99b025C367c52f4aE88cBB2b736C0f65F1Ba5
SandmanWithPlan,1,2.482241025603586,0,0.0,0.0,-0.0,2.482241025603586,0x44B706F90EEcf47101c6A202acC0d74B94dE3E0c
Durvag,1,2.482241025603586,0,0.0,0.0,-0.0,2.482241025603586,0x271a79FCE2724CF9c8ed679Da513eA052a3dF326
East_Key_5930,2,2.482241025603586,0,0.0,0.0,-0.0,2.482241025603586,0x2151dD6F5Ad345439508B96c9122d4eE907463Ff
iMqrtin,2,2.482241025603586,0,0.0,0.0,-0.0,2.482241025603586,0xd799F1D160B7906e53F50d5C226fFA030Eb7600a
EndlessDream999,8,2.482241025603586,0,0.0,0.0,-0.0,2.482241025603586,0xD5e2DC14195645781bA99eDC1F4BbD81eD9A539a
Evening_Garden_5502,1,2.482241025603586,0,0.0,0.0,-0.0,2.482241025603586,0x68EEA5c58F71eE6cfbcd21197d90b6a28aFAb075
Macktologist,1,2.482241025603586,0,0.0,0.0,-0.0,2.482241025603586,0x3893362B4B8A62889529F5dD4ffA161433f793D0
ljod,1,2.482241025603586,0,0.0,0.0,-0.0,2.482241025603586,0xa79907b5Fa87e2895cBe0d42E8ba2e63321E4e9e
GREENAWAKT,2,2.482241025603586,0,0.0,0.0,-0.0,2.482241025603586,0x6BeE15a3Ec6e600D0E779489087f949F544500bd
Saschb2b,3,2.482241025603586,0,0.0,0.0,-0.0,2.482241025603586,0x7f49428A0Fa73367EF996E4Fd7fC3D20B8078bda
ironmoosen,2,2.482241025603586,0,0.0,0.0,-0.0,2.482241025603586,0x3Cf42Abe6Cb4e545899685Db065658F1E26a7520
phoenixblue,1,2.482241025603586,0,0.0,0.0,-0.0,2.482241025603586,0x133255db23f6B03C15e8A4aD37C8CC51D41070e8
Next-Respect-1311,1,2.482241025603586,0,0.0,0.0,-0.0,2.482241025603586,0xB206108a05c1a9e1AfE72642bBbA94FD3f14d48c
RealCFour,3,2.482241025603586,0,0.0,0.0,-0.0,2.482241025603586,0xB92546f1a47542fa91D7A1c6531A56a95b711D46
Puzzleheaded_Popup,2,2.482241025603586,0,0.0,0.0,-0.0,2.482241025603586,0x289cdD5af737fa91AAeb5C818aF2C6c86122ea5c
Giga79,7,2.482241025603586,0,0.0,0.0,-0.0,2.482241025603586,0xA50d3EE17c994864F88a2acc24303860Ebc81F50
HC-DOGECOIN,1,2.482241025603586,0,0.0,0.0,-0.0,2.482241025603586,0x98570473A5c8A405De3e986A0684782c4400F789
Duomax81,3,2.482241025603586,0,0.0,0.0,-0.0,2.482241025603586,0x8B2956e8ecCC53C49fE1eD184FDa43B300133Fe8
Imaginary-Middle9285,4,2.482241025603586,0,0.0,0.0,-0.0,2.482241025603586,0x4E5ddd231891D590e102351A8abCc896bCdfcCeE
killawaspattack,1,2.482241025603586,0,0.0,0.0,-0.0,2.482241025603586,0x4153A929aAf276c9BA05F942FB3278661E5EF530
Olmops,3,2.482241025603586,0,0.0,0.0,-0.0,2.482241025603586,0xCA7d56f69C1321DA5ac0fc68B2433A4B3c4624Dc
MemeyCurmudgeon,3,2.482241025603586,0,0.0,0.0,-0.0,2.482241025603586,0x7f25555A0C85B53Cb8934960D0e4ae2DF65CeCaB
Ok_Election7896,1,2.482241025603586,0,0.0,0.0,-0.0,2.482241025603586,0x8DfdD8E1f2EA3f70C7a5f0a42903A8239a83d313
JustinbEther,1,2.482241025603586,0,0.0,0.0,-0.0,2.482241025603586,0x573D2B9667Fa36eF32C81AdF65646B21909067Dc
nibbio1990,2,2.482241025603586,0,0.0,0.0,-0.0,2.482241025603586,0x62880bEc718a8520675cBC5dAA507755ec6bd7BA
fulento42,1,2.482241025603586,0,0.0,0.0,-0.0,2.482241025603586,0xa1523c475292067C102C6D5C68c4c194B8f264C2
Creamysense,2,2.482241025603586,0,0.0,0.0,-0.0,2.482241025603586,0x5CFBf5c3fbF7b2c316118C48c8E9E082E03dBc5c
dark_deadline,2,2.482241025603586,0,0.0,0.0,-0.0,2.482241025603586,0x9a55f72aD9e3BF7a7b8cdfb52d582145e779ef96
tonuorak,2,2.482241025603586,0,0.0,0.0,-0.0,2.482241025603586,0x0dEc39e599d89Ff4656ae5d9AC057A78A09aF3A7
switch72,1,2.482241025603586,0,0.0,0.0,-0.0,2.482241025603586,0xdc952006123517240035981767cf34c9d9C70D9b
Vexting,6,2.482241025603586,0,0.0,0.0,-0.0,2.482241025603586,0x99bC21716db94AEa5F6Af183715C83dAF159bd87
ZealousidealZ20,3,2.482241025603586,0,0.0,0.0,-0.0,2.482241025603586,0x3Ef5aA8ab72503695C7aF135107F3A21650C0157
steadyfreddy41,2,2.482241025603586,0,0.0,0.0,-0.0,2.482241025603586,0xA7018C3FC3A8BB7617D8505bd410db952fffE893
sportspadawan13,3,2.482241025603586,0,0.0,0.0,-0.0,2.482241025603586,0x231D3B146e293FEDd741ca0c206ed5C9d401EEAa
donnie1977,2,2.482241025603586,0,0.0,0.0,-0.0,2.482241025603586,0xd061a5642A9A9046a774730a2d790CdEc698450F
Taykeshi,2,2.482241025603586,0,0.0,0.0,-0.0,2.482241025603586,0x814F56d1f9eea7d77020780861cB90Dc246d9A7D
Alaaness00,1,2.482241025603586,0,0.0,0.0,-0.0,2.482241025603586,0x904ce7a3DBBDF15C4dc0097434dab6cbacBfd501
z6joker9,2,2.482241025603586,0,0.0,0.0,-0.0,2.482241025603586,0x96c32AC9F3fCf1077C25453BF85a7af3276D84c0
Laterxgater,0,0.0,1,2.215041434304477,0.0,-0.0,2.215041434304477,0xB3731B4814DEC9893491822720224E710ad387FB
Astrotoad21,3,1.241120512801793,0,0.0,0.0,-0.0,1.241120512801793,0x4E2Bcb5c06E5d82277eDf48EffDCe85663A4B54B
whoyoufoo101,1,1.241120512801793,0,0.0,0.0,-0.0,1.241120512801793,0x6E6641923Fe552933Da54AF7B03A02EbBdCC36d1
Civil-Wash2352,1,1.241120512801793,0,0.0,0.0,-0.0,1.241120512801793,0xF5F04d9d1F48CcC9b21C521fdF0e48082D7375E4
volthor,1,1.241120512801793,0,0.0,0.0,-0.0,1.241120512801793,0x24Aa12da678B7F4500b2D7f8d02B3252f202C19A
Altruistic_Box4462,2,1.241120512801793,0,0.0,0.0,-0.0,1.241120512801793,0x37829a79310e2C1c4BFA240d56E935D9dc23758B
megselepgeci,1,1.241120512801793,0,0.0,0.0,-0.0,1.241120512801793,0xe0ADe6c4900d80Abd8cc8C462F8F9F586b5Cd065
BlockChad,4,1.241120512801793,0,0.0,0.0,-0.0,1.241120512801793,0x92A6F288d6a55247a69Df29a8F763958D7d56a7A
moneyfink,1,1.241120512801793,0,0.0,0.0,-0.0,1.241120512801793,0xBf5F412a5004c5342c31eba5770bDa36aB203A02
Legitimate-Ad-6385,3,1.241120512801793,0,0.0,0.0,-0.0,1.241120512801793,0x34ac859B699DF3a0e8817B48F999e18814010C71
thelonliestcrowd,2,1.241120512801793,0,0.0,0.0,-0.0,1.241120512801793,0xCC0502Ab76ED21cc8931693767cA2b2d09bc1aDe
Colombian_Meatsmoker,1,1.241120512801793,0,0.0,0.0,-0.0,1.241120512801793,0x56b58AC2cE8a226467d215182f5375fa2472aD7a
oaxaca_locker,1,1.241120512801793,0,0.0,0.0,-0.0,1.241120512801793,0x811C29A1222b53B32B31545e1a5acBbe8CDA8Ad7
HarrisonGreen,1,1.241120512801793,0,0.0,0.0,-0.0,1.241120512801793,0xaD97B38842B5994a724A76D16605CCcd6Fa702B7
Doggybone_treat,1,1.241120512801793,0,0.0,0.0,-0.0,1.241120512801793,0x7B3E7E5243228995f9F77A3E7479F263338cd51A
Greghogan,1,1.241120512801793,0,0.0,0.0,-0.0,1.241120512801793,0xE35E362AB2D198e02bB7B680AC8deb39AE6ECF3D
Correct-Style-9194,3,1.241120512801793,0,0.0,0.0,-0.0,1.241120512801793,0x3EB5b409b2A95B99567C51a04760699a4F291201
srin4,2,1.241120512801793,0,0.0,0.0,-0.0,1.241120512801793,0x5Da777269a4544eAe1F131a06Ff158C030DEa823
phrodreky,1,1.241120512801793,0,0.0,0.0,-0.0,1.241120512801793,0x4e1d70Cb24a8388992868f0CDaF08B532090Cd97
CrossPuffs,1,1.241120512801793,0,0.0,0.0,-0.0,1.241120512801793,0xc7e817e5970e294E269Ff63214393747cC1AF1cb
CutPale7070,1,1.241120512801793,0,0.0,0.0,-0.0,1.241120512801793,0xE56D6e603e387aeF008a7d0e46Daa5cba91620d5
shimakaru,1,1.241120512801793,0,0.0,0.0,-0.0,1.241120512801793,0x54545ac09844B389B090dA113006F74F04eE225F
DeNovaCain,2,1.241120512801793,0,0.0,0.0,-0.0,1.241120512801793,0x7c8B13e9232c5B490e7220d1e211FA3Af4a041E3
ElegantOneshot,3,1.241120512801793,0,0.0,0.0,-0.0,1.241120512801793,0xcc192452C4Dd3EB02F8F7000860C0741E27865E2
El_Gonzalito,1,1.241120512801793,0,0.0,0.0,-0.0,1.241120512801793,0x3af3204597298F53Dd0d5271e8d879aF7Ec414a0
DingWrong,1,1.241120512801793,0,0.0,0.0,-0.0,1.241120512801793,0xE2c4137A87bD3d99FbBEBB2E653800503c85dd06
chipxsimon,1,1.241120512801793,0,0.0,0.0,-0.0,1.241120512801793,0xF267f0A506bc539990947352C950fC8b12F245e3
lukwsk,1,1.241120512801793,0,0.0,0.0,-0.0,1.241120512801793,0xaCCbEef7a5CC01FccdC970Ec7fbB3bfB29a36be7
LuganoSatoshi,2,1.241120512801793,0,0.0,0.0,-0.0,1.241120512801793,0x24512081a3D17Aa2088C4A65cce90B09Fd03A43e
The_Doctor_Bear,1,1.241120512801793,0,0.0,0.0,-0.0,1.241120512801793,0x0595EAd488E47dB9558ce4a0619bcAb799A84b4C
Sharkytrs,1,1.241120512801793,0,0.0,0.0,-0.0,1.241120512801793,0xE120ffC02ff9E6685aD3D65f998D8e40b4578A17
Shayne_Schecter,1,1.241120512801793,0,0.0,0.0,-0.0,1.241120512801793,0x55363c2EC5336e10809FD2ed1Eb4826a7DF235D0
Shinryukens,1,1.241120512801793,0,0.0,0.0,-0.0,1.241120512801793,0x23F9E7527F11705646D2C8cBCC1733413e31Fd69
Shock188,1,1.241120512801793,0,0.0,0.0,-0.0,1.241120512801793,0xf9A4D6d0f2672AA14B067b01ea1967AD869Ab520
SoggyHotdish,3,1.241120512801793,0,0.0,0.0,-0.0,1.241120512801793,0x9A2588D870186a79fA15540c0C0E48B22dAc5Bd2
gimmedatcrypto,1,1.241120512801793,0,0.0,0.0,-0.0,1.241120512801793,0xFc1529F1E2Cc695ea8ef994dAbdBB5c53c032f04
frozengrandmatetris,7,1.241120512801793,0,0.0,0.0,-0.0,1.241120512801793,0xDa0aaD3872c0CdCf27F2Cf19526f117337a56b65
SqueezeHNZ,1,1.241120512801793,0,0.0,0.0,-0.0,1.241120512801793,0xd96235eD415583461c29899F5F82c34DbcCf1ad2
firstz,3,1.241120512801793,0,0.0,0.0,-0.0,1.241120512801793,0x64D28d20433CB17979C229479CfDF0195C5a256a
Therowerr,1,1.241120512801793,0,0.0,0.0,-0.0,1.241120512801793,0x46506DedFd89acE0EbD7ECc93feFD3BAb4Bc4cC4
ikkaku999,2,1.241120512801793,0,0.0,0.0,-0.0,1.241120512801793,0x1Ba8F7523aCe1156a6FC7E099FACAbeC5050403d
Timely-Ice2162,1,1.241120512801793,0,0.0,0.0,-0.0,1.241120512801793,0x0e1C390DfF323e1FDe9Cb9DcA1F3a80059de31cB
UyghursInParis,1,1.241120512801793,0,0.0,0.0,-0.0,1.241120512801793,0xeE3EE66CAeB47AD5Ad289efcfEBD30e2838c47Ec
Visible-Ad743,2,1.241120512801793,0,0.0,0.0,-0.0,1.241120512801793,0xAacc079965F0F9473BF4299d930eF639690a9792
dou8le8u88le,3,1.241120512801793,0,0.0,0.0,-0.0,1.241120512801793,0x220FCF8f01Ac0825933d62bF7A43c8B3c671D334
Xeritos,1,1.241120512801793,0,0.0,0.0,-0.0,1.241120512801793,0x1348C0c2E2836E40234fF13dB5483D796827c1A4
__sasho,2,1.241120512801793,0,0.0,0.0,-0.0,1.241120512801793,0x3f19d3CFFC21FDe5D343899a31256C7d53d658c4
abc_123_anyname,1,1.241120512801793,0,0.0,0.0,-0.0,1.241120512801793,0xa1928e91D7b4920FF6CC3A98360Bec2D45567E6C
crawleyfinance,3,1.241120512801793,0,0.0,0.0,-0.0,1.241120512801793,0x8956f725F3E3F3F455ff1BeE2dbc795728E43301
arcone82,1,1.241120512801793,0,0.0,0.0,-0.0,1.241120512801793,0x2576c1Ea5b7f3418fD93A36c04091B20A0b3B3EA
Scuczu2,5,1.241120512801793,0,0.0,0.0,-0.0,1.241120512801793,0x95e9B907021352aBdbf3765Da652e903D73C8dB7
SusanForeman,4,1.241120512801793,0,0.0,0.0,-0.0,1.241120512801793,0xd1297Fbc37295462322f28881DBD9a557d4317e0
lostaga1n,1,1.241120512801793,0,0.0,0.0,-0.0,1.241120512801793,0x439672C0D7521A0e9CaFDe6BEf322610Fcb71bA0
Malixshak,1,1.241120512801793,0,0.0,0.0,-0.0,1.241120512801793,0xb10135E33D94f8364E9dA4148f908EdF92b1bD2f
01071970,2,1.241120512801793,0,0.0,0.0,-0.0,1.241120512801793,0x19F9678F10391AfDB2ea9E34308ec0Ce265eEf19
Mercy605,2,1.241120512801793,0,0.0,0.0,-0.0,1.241120512801793,0xe54BF2Eee8676588C3Fd8d1b3969340e0872860c
No_Meet_1995,1,1.241120512801793,0,0.0,0.0,-0.0,1.241120512801793,0xC67337DF08751530161898C03C056df5ce4Aeda8
PM_ME_UR_AMOUR,1,1.241120512801793,0,0.0,0.0,-0.0,1.241120512801793,0xF8ac6465d2c62948E6297035c4959824A19D16E6
PropertySuperb127,1,1.241120512801793,0,0.0,0.0,-0.0,1.241120512801793,0xC6Fa7608c79C61b3fB71Fd15114A4c161BEBFdCC
Pandora_Key,1,1.241120512801793,0,0.0,0.0,-0.0,1.241120512801793,0xB5e3F5A03308Cac8D0b47E42356C235934Ff9021
002_timmy,1,4.964482051207172,1,46.51587012039402,1.0,-55.376035857611924,-3.8956836860107344,0x70BA80d1F08289b1d73466Ac8Bd949e5B2AA8219
0x456,18,26.063530768837655,1,22.15041434304477,1.0,-55.376035857611924,-7.1620907457295,0x456029D4d417ab7BD4D5d2b0404215E56a25C000
ValiantJudge29500,16,14.893446153621516,1,33.22562151456715,1.0,-55.376035857611924,-7.2569681894232545,0x973e469772A26FE90ffD32b1aa5440dBac695F08
fairysquirt,6,1.241120512801793,1,44.30082868608954,1.0,-55.376035857611924,-9.834086658720594,0xB127e23bf80e0D8688D994c1a093e3657856A040
BuGsYq,20,11.170084615216137,8,310.1058008026268,6.0,-332.25621514567155,-10.980329727828632,0x4d50D69Ad0A0dA8E0d9c8a985Ba660Eed4a68Ee5
EmbarrassedBear5112,45,37.23361538405379,9,338.90133944858496,7.0,-387.63225100328344,-11.497296170644688,0x83d34c1d733101856cc7BA63cb3553948beEa7bb
Top_Toe8606,33,60.81490512728786,3,35.44066294887164,2.0,-110.75207171522385,-14.496503639064343,0xebC3cf39Dd45066b56740098d2603af3A7aF3a87
dawson0412,4,7.446723076810758,1,22.15041434304477,1.0,-55.376035857611924,-25.778898437756396,0xb6E62Ffe5Ad5630ff81F44d27d34984cb50617b4
mvuong,0,0.0,1,28.7955386459582,1.0,-55.376035857611924,-26.580497211653725,0x15655dBe66a1763F952A7DCBab98293B47450D0a
absurdcriminality,31,28.54577179444124,0,0.0,1.0,-55.376035857611924,-26.830264063170684,0x274D4683df3de9669eC06E88e716A0aEc513b988
AntiquePhotograph607,7,6.205602564008965,1,22.15041434304477,1.0,-55.376035857611924,-27.02001895055819,0x999034435DE45Fc167cEF875D1f0347fBd71F13d
dont_hate_scienceguy,0,0.0,1,26.58049721165373,1.0,-55.376035857611924,-28.795538645958196,0x453646b0AD86697F3bfbE61F086F10FBf9954c72
DaW_,1,0.0,1,22.15041434304477,1.0,-55.376035857611924,-33.22562151456715,0xDB9aaDb6955c1cd6E33D6d251Ad9113eBE78A33E
PsychoHacker123,3,0.0,1,22.15041434304477,1.0,-55.376035857611924,-33.22562151456715,0xCcdf59Bc9391DB9E408a2Cc35f43f0d0d63DD00D
FcoFdz,7,1.241120512801793,1,17.720331474435817,1.0,-55.376035857611924,-36.414583870374315,0xB63e65dA0D49178f5703133feeE2d56b5666b911
ProfitableCheetah,10,17.375687179225103,0,0.0,1.0,-55.376035857611924,-38.00034867838682,0xb39c193112774F13279e3819A1b2361Fa6C70F96
bzzking,5,1.241120512801793,2,70.88132589774327,2.0,-110.75207171522385,-38.62962530467878,0x7C48CF841a4cd5754127148fB9B20580Fc51eBeb
nobelcause,18,38.474735896855584,2,24.365455777349247,2.0,-110.75207171522385,-47.91188004101902,0x57855ca297ECB91EF1BE3CE1e74B9492CF50C69C
Funnyurolith61,0,0.0,1,6.645124302913432,1.0,-55.376035857611924,-48.730911554698494,0xA0d8A80b61e041Acf6E859BCCbF64698b2764108
Puddingbuks26,31,39.71585640965738,3,75.31140876635222,3.0,-166.12810757283577,-51.10084239682618,0x6361d1737dccFD7a68a969A7f06F9D97a740c162
inevitable_username,6,2.482241025603586,1,-22.15041434304477,1.0,-55.376035857611924,-52.89379483200834,0x53b74c10cC9a5a4fE8EF0fda64B16F3d7c970B5B
na7oul,2,1.241120512801793,1,0.0,1.0,-55.376035857611924,-54.13491534481013,0x53D0F1e389548BF97A5c7Dd5715b2bDA7A2E83FE
scecominorrr,5,1.241120512801793,0,0.0,1.0,-55.376035857611924,-54.13491534481013,0x5C05975FD7058E6DF58F5815F302c46E4a452b4e
Bashir_Jasper03,3,1.241120512801793,2,0.0,1.0,-55.376035857611924,-54.13491534481013,0x308044B1C4fBb99b8f9A3D16e91673eb6413499F
ethfarvadin,2,0.0,1,0.0,1.0,-55.376035857611924,-55.376035857611924,0xd98A119AF3EB424f17407825A974FcB9554E3bb0
Smokyish,0,0.0,1,0.0,1.0,-55.376035857611924,-55.376035857611924,0x5921A3Fa05B3e55615eB4F9d7d5634Ab8c39C5Ae
aItalianStallion,0,0.0,1,0.0,1.0,-55.376035857611924,-55.376035857611924,0x9B22c58ABAE0AcB8A64754710240294369A7E79A
Ronitn,20,7.446723076810758,2,44.30082868608954,2.0,-110.75207171522385,-59.004519952323555,0x558221f0b4814c5327b194758932F56edBE07A3F
Yusuf1409,29,54.609302563278895,3,48.730911554698494,3.0,-166.12810757283577,-62.78789345485839,0x2180Dca0694E9f8897a2f4d1a39FdC65E8389674
whodontloveboobs,19,64.53826666569324,5,310.1058008026268,8.0,-443.0082868608954,-68.36421939257536,0x133299c1c5bc0C64eb1365444031fDa1161E0F58
Westy3000,25,18.616807692026896,2,22.15041434304477,2.0,-110.75207171522385,-69.98484968015218,0xe8863494ebfBf800fDD0a009022Be2A715ec329a
saturn366,3,3.723361538405379,3,31.010580080262685,2.0,-110.75207171522385,-76.01813009655578,0x3264e2331AA010F52F3dc5d1fdac64870AF0605b
Chefavram9,1,3.723361538405379,1,22.15041434304477,2.0,-110.75207171522385,-84.8782958337737,0xf6893857C21aD28d1172C69b5eB423A51a3877C9
ImperialSoldiers,14,24.82241025603586,2,0.0,2.0,-110.75207171522385,-85.929661459188,0x6d4f2307F269e180f0F558217f729730795d2C8B
Fluid_Department_120,46,45.92145897366634,4,141.76265179548653,5.0,-276.8801792880596,-89.19606851890671,0x40A410899E2e6037f08237DF0881a3EF7AC38672
sudherzdiniq,17,17.375687179225103,2,-44.30082868608954,2.0,-110.75207171522385,-93.37638453599874,0x40C23fC70C5D7d0Ff8508c521681658e3fEDB22c
b4youleft,6,1.241120512801793,2,4.430082868608954,2.0,-110.75207171522385,-105.0808683338131,0x36f603abC81D11b77e7e2f83A428ae4a7D733bA0
jormpt,0,0.0,6,243.65455777349246,7.0,-387.63225100328344,-143.977693229791,0xC04d6DB6CFb0e7E0366fC7Ec9945A51967fE14E5
Gubbie99,404,537.4051820431764,19,578.1258143534684,23.0,-1273.6488247250743,-158.1178283284296,0xaF29FACA9278f3FE68BaDd745BB7f5b1538A17Ff
ImaFreemason,40,48.403699999269925,3,66.4512430291343,5.0,-276.8801792880596,-162.02523625965537,0xD0696Bd10966F1793D10a7AAE5308F24d8a67AA1
MaRKOO221,6,14.893446153621516,3,132.9024860582686,6.0,-332.25621514567155,-184.46028293378143,0x05f9310a7Ea8042dd915F651A4E2957A00e27985
The_Nutcrack,86,139.00549743380083,12,560.4054828790327,16.0,-886.0165737217908,-186.60559340895725,0x0B3AB5A8d926d07275291c074225f258d00B4F08
Icy-Profile-1655,48,161.3456666642331,7,221.5041434304477,12.0,-664.5124302913431,-281.66262019666226,0xc06479D09b3DE98Df54c77150075c5df38996138
SuperbCantaloupe1929,10,3.723361538405379,6,44.30082868608954,6.0,-332.25621514567155,-284.2320249211766,0x33493c3DB1F4Fa1061C0199ab81111236375F74b
ArrivalWrong7289,15,4.964482051207172,8,66.4512430291343,10.0,-553.7603585761192,-482.3446334957777,0xadC07468952d63B6eb48b6a8D7fdCa93C67b008b
CoupleTop1179,6,2.482241025603586,10,358.83671235732527,17.0,-941.3926095794027,-580.0736561964738,0x4D32bc632e22d37A22772ca638320f1F3Cfb9e6A
