username,comments,comment_upvotes,comment_score,posts,post_upvotes,post_score,total_posts,pay2post,points,blockchain_address,multiplier,need_to_buy,current_balance,earned,sent_to_lp,membership
Creative_Ad7831,288,221.0,7419.402616637867,49,11172.75,191833.9881427316,57.0,-2446.6978416539573,196806.69291771555,0x5ce03C34F851066DA7a7392526a7EC4F81790e1D,1.0,0.0,399378.5333,391839.40780000004,0.0,17589.0
kirtash93,844,759.0,25481.11577388299,23,2659.0,45654.52323479209,23.0,-987.2640413691408,70148.37496730594,0xc149c6d082Da03319497A4Cfea8324A88CD1C898,1.0,0.0,1115521.422222266,814208.3944,0.0,19060.0
MasterpieceLoud4931,344,683.0,22929.64700074056,21,2383.0,40915.65583622021,21.0,-901.4149942935632,62943.88784266721,0x16Bd6F1d0d3a5c039ca67e0Da0DEa4bA3823bB23,1.0,0.0,515233.0205937773,514609.17350000003,0.0,0.0
Odd-Radio-8500,489,733.5,24625.03085657862,14,1921.0,32983.20388643686,17.0,-729.7169001424083,56878.517842873065,0x795065F0368BE7149140D2b134fe2bA072db42AE,1.0,0.0,498444.4685442875,667227.4932,0.0,6915.0
Wonderful_Bad6531,396,242.5,8141.199703776845,17,2116.5,36339.90162709194,29.0,-1244.811182595873,43236.29014827291,0x823203809D31109e99F27092dE19F60a22DF61C5,0.1788491527394176,249964.57134900635,2653.22437388,467842.29779999994,384389.2890296901,19910.0
YankeeDoodlePeguin,168,342.0,11481.609479140952,11,1707.5,29317.4495763097,21.0,-901.4149942935632,39897.64406115709,0x2C86F88CD046aCf1730F6c1D00E5de8106EAB83b,1.0,0.0,0.19361359501635142,4991.8513,0.0,3940.0
da_dreamerr,22,59.0,1980.745494939521,5,1695.0,29102.82695862076,8.0,-343.39618830230984,30740.176265257967,0xEe05858e4D9F363E3f3B5952c33D9dbB668c953c,1.0,0.0,47.88680808208351,0.0,0.0,2950.0
SigiNwanne,282,514.0,17255.986176252776,39,786.75,13508.347557342113,46.0,-1974.5280827382812,28789.805650856608,0xD90C22d2Da086Eaf293E6Ca056116C7d08DecA47,0.681091281340413,62242.88123999996,258608.1531,537701.7239,0.0,1770.0
DBRiMatt,457,508.5,17071.340409775363,11,256.0,4395.471210269566,11.0,-472.169758915676,20994.641861129254,0xFEdD14d3a32FaAbfbd6E290fAA73Aec58e894650,1.0,0.0,362469.0660300809,651595.778325309,2342002.2120724255,5880.0
CymandeTV,145,79.5,2668.9706245371517,19,1046.25,17963.913100564583,29.0,-1244.811182595873,19388.072542505863,0x94f5926AD5902b41588097788A1e84884aCE4494,1.0,0.0,380896.8396625136,224059.2036,0.0,3410.0
0xMarcAurel,39,246.0,8258.701555171563,8,557.0,9563.583844219327,8.0,-343.39618830230984,17478.889211088583,0x0c4B8B79E0ebA3e407Bc175176Db496474046e9a,1.0,0.0,1433904.2994817148,383088.3157,233973.08553879557,0.0
Extension-Survey3014,171,192.5,6462.601826709454,22,569.25,9773.914009554494,26.0,-1116.0376119825069,15120.478224281442,0x1Cc3ddB501900fD286E4c5564D769791Ad087B42,1.0,0.0,360848.2571,360748.25710000005,0.0,0.0
coinfeeds-bot,125,438.0,14704.517403110343,0,0.0,0.0,0.0,-0.0,14704.517403110343,0xd056666321700092B032b2571431B2478cD6512E,1.0,0.0,18660.1613,18660.1613,0.0,0.0
Calm_Voice_9791,12,89.0,2987.904221179956,3,519.0,8911.13108644494,5.0,-214.62261768894365,11684.412689935953,0xe9216D4F24B8279ff292b28403c2f8D633A89b26,1.0,0.0,0.0,0.0,0.0,0.0
ogg_ogg,39,104.0,3491.483584300173,4,399.75,6863.631313692417,13.0,-558.0188059912534,9797.096092001337,0x401303ED8d438D627Fc626b38ee796454d7a085f,1.0,0.0,1866.9002,1866.9002,0.0,0.0
MichaelAischmann,37,291.5,9786.225623302887,0,0.0,0.0,0.0,-0.0,9786.225623302887,0xa18aBe5EDDaB2cdBF2837425FAaf32bd9B0085Dc,0.5477991704747411,2728.0507000000007,4487.9321,12026.638,0.0,0.0
Interpole10,42,269.0,9030.856578622564,0,0.0,0.0,0.0,-0.0,9030.856578622564,0x0433d140d0F29d05D77a8Ee9f3da24E1A2b73339,1.0,0.0,4690.7086,4690.7086,0.0,0.0
Admirral,7,198.0,6647.247593186868,0,0.0,0.0,0.0,-0.0,6647.247593186868,0x23930436f8ecBCC18149f68e82E60Eeb7b0aF4D0,1.0,0.0,1049.7558,1049.7558000000001,0.0,0.0
kevin0905,1,193.0,6479.387805480128,0,0.0,0.0,0.0,-0.0,6479.387805480128,0xA586583AC1074bA8dD7C30e54E8B250e0527fDfF,1.0,0.0,3.0,3.0,0.0,0.0
CLSmith15,2,167.0,5606.516909405085,0,0.0,0.0,0.0,-0.0,5606.516909405085,0xab0ae13467Ae3ae933f9397DEe5b1b2D46eC26f8,1.0,0.0,0.0,0.0,0.0,0.0
bzzking,39,42.0,1410.0222167366082,2,236.0,4052.075021967256,2.0,-85.84904707557746,5376.248191628286,0x7C48CF841a4cd5754127148fB9B20580Fc51eBeb,0.6962045305598789,1510.5174799999986,7274.7199,14642.0623,0.0,0.0
Thorp1,50,152.0,5102.937546284868,0,0.0,0.0,0.0,-0.0,5102.937546284868,0x3f65Ad6363073D3328b3F47273D7F3C7f574fD13,1.0,0.0,16402.2696,16402.2696,0.0,0.0
salil19,19,82.0,2752.9005183905206,2,147.0,2523.961984021977,9.0,-386.32071184009857,4890.541790572399,0x59e9d2Aa9bE64Ea7C1E22a86e166BE6382B1ae91,1.0,0.0,72.68287753717415,0.0,0.0,2950.0
raresanevoice,18,120.0,4028.6349049617374,0,0.0,0.0,0.0,-0.0,4028.6349049617374,0x8ad4F9ce9bC2dFEafF948Fd7E11e9cbd1c926438,0.10203549306794768,9818.74038,27.837,16410.9623,0.0,0.0
WiseChest8227,38,78.0,2618.6126882251297,2,92.25,1583.914918544404,5.0,-214.62261768894365,3987.9049890805904,0x5dA9d055e6d8EBE0bFD59BD15cf631cBEF786082,1.0,0.0,2197.0287,2197.0287,0.0,0.0
bapfelbaum,32,100.0,3357.195754134781,0,0.0,0.0,0.0,-0.0,3357.195754134781,0x94D7923914498FeC496E6F15cC7d30099f204EaC,1.0,0.0,515.8797,515.8797,0.0,0.0
StatisticalMan,2,99.0,3323.623796593434,0,0.0,0.0,0.0,-0.0,3323.623796593434,0x7C34395289c45b7235E48ACE318C50d6acc986F8,1.0,0.0,314.8103,314.8103,0.0,0.0
Parush9,10,98.0,3290.0518390520856,0,0.0,0.0,0.0,-0.0,3290.0518390520856,0x4002cF92BC9cd5a835bDb61ff3068C4363DA2f50,1.0,0.0,1969.3292,1969.3292000000001,0.0,0.0
AfterTax,10,98.0,3290.0518390520856,0,0.0,0.0,0.0,-0.0,3290.0518390520856,0xdAB5c3cAD7744aD92c0672892bb843f7f6CddDFc,1.0,0.0,0.0,0.0,0.0,0.0
Interesting_Key_6246,1,97.0,3256.479881510738,0,0.0,0.0,0.0,-0.0,3256.479881510738,0x95A43f32A43Cd2Aec25d261f450fc920519E4e87,1.0,0.0,0.0,0.0,0.0,0.0
Puzzleheaded-Wave609,4,-1.5,-50.35793631202172,2,187.5,3219.339265334155,3.0,-128.7735706133662,3090.5656947207885,0xcE6B3be48C984B1Fd2f52b9856c17c906c204bFf,0.10000000000000009,300.59999999999997,0.0,501.0,0.0,0.0
CM19901,10,89.0,2987.904221179956,0,0.0,0.0,0.0,-0.0,2987.904221179956,0x676eDd42FcB0dC9852036cf6eCa52d3BE9204DFb,1.0,0.0,579.954,803.1848,0.0,0.0
TruthReasonOrLies,5,87.0,2920.76030609726,0,0.0,0.0,0.0,-0.0,2920.76030609726,0x700EE7fB2b2985181cE852034e48C87Ec74815f4,1.0,0.0,0.0,0.0,0.0,0.0
timbulance,63,83.5,2803.2584547025426,0,0.0,0.0,0.0,-0.0,2803.2584547025426,0xf8b2808E19413E0b14C2966dD6afB497c7F5A919,1.0,0.0,52018.026647498424,39223.8922,0.0,21030.0
CriticalCobraz,10,1.5,50.35793631202172,2,147.0,2523.961984021977,3.0,-128.7735706133662,2445.5463497206324,0xdBdD159aC55fCc78b67F15751A9cB66d395eCb1F,1.0,0.0,73.0,73.0,0.0,0.0
King__Robbo,157,70.5,2366.823006665021,1,6.75,115.89621355202956,1.0,-42.92452353778873,2439.794696679261,0x02977d017bf7002b5B8f32C1D2F3024f96eaB73b,1.0,0.0,46960.42229998613,42809.618200000004,0.0,0.0
subdep,20,71.0,2383.608985435694,0,0.0,0.0,0.0,-0.0,2383.608985435694,0xeCf56076be8790a24E44f6c27D6Fe304754eCF41,1.0,0.0,510.6433,510.64330000000007,0.0,0.0
Wise-Grapefruit-1443,6,72.0,2417.180942977043,0,0.0,0.0,1.0,-42.92452353778873,2374.256419439254,0x0cCE45f35d6ee94819Ce16D2830A513739EF91E9,1.0,0.0,148.676,148.676,0.0,0.0
poorbugger,5,68.0,2282.8931128116515,0,0.0,0.0,0.0,-0.0,2282.8931128116515,0xb4eC18135d80E7e1Bc474D4bc0850B8B4914830D,0.10000000000000009,317.62548,0.0,529.3758,0.0,0.0
DrRobbe,139,48.0,1611.453961984695,5,47.0,806.9810425104281,5.0,-214.62261768894365,2203.81238680618,0x5eD61dee19B3355cf125a5cB95bEC8f344523628,1.0,0.0,182024.06511754487,224787.71842489584,14523.926009213774,0.0
centralbankerscum,11,65.0,2182.177240187608,0,0.0,0.0,0.0,-0.0,2182.177240187608,0x6E50910Df475eb94Da8C72ac29FA6B753691Cb7b,1.0,0.0,269.7701,269.77009999999996,0.0,0.0
a_library_socialist,14,65.0,2182.177240187608,0,0.0,0.0,0.0,-0.0,2182.177240187608,0xF2aBF64Ad7690EFADc6025b295Ffab9452ffa585,1.0,0.0,0.0,0.0,0.0,0.0
SPeeD_puncH,12,53.0,1779.3137496914342,1,23.0,394.9056165476563,1.0,-42.92452353778873,2131.2948427013016,0x0FB696dE157FF6C9217d0b836b67E95Fbd606111,1.0,0.0,144.5035,144.5035,0.0,0.0
AlternativeWonder471,19,55.0,1846.4576647741296,1,15.0,257.5471412267324,1.0,-42.92452353778873,2061.080282463073,0x1c2f252a47d6C0160a0fDe8e70FDb09e790a7d5D,1.0,0.0,0.0,0.0,0.0,0.0
aminok,9,5.5,184.64576647741296,4,115.0,1974.5280827382812,4.0,-171.69809415115492,1987.47575506454,0xbEA18A39a1cEe253705eB5e966fe23F26dD109eF,1.0,0.0,337108.8767,377254.33700000006,0.0,6292.0
SuperNoise5209,18,58.0,1947.1735373981733,0,0.0,0.0,0.0,-0.0,1947.1735373981733,0x18722119EA2D21ED8b5E13E796BD92A7345C1802,1.0,0.0,1058.821619970683,1058.821619970683,0.0,0.0
Buy_Ether,18,26.5,889.6568748457171,1,63.0,1081.697993152276,1.0,-42.92452353778873,1928.4303444602044,0x1dB134f30512f72482C4afA8213c4610D53b310a,1.0,0.0,0.0,0.0,0.0,0.0
ImDoubleB,1,0.0,0.0,2,117.0,2008.8677015685123,2.0,-85.84904707557746,1923.0186544929352,0xE8c77e0eAbD6d8b2F54343152a8b213d3a42E54E,1.0,0.0,1083.4389,1083.4389,0.0,0.0
daototpyrc,2,55.0,1846.4576647741296,0,0.0,0.0,0.0,-0.0,1846.4576647741296,0xD4F8fdD249ba41323880CefECEBca2Ab590D571F,1.0,0.0,2.1111,2.1111,0.0,0.0
thinkingperson,5,55.0,1846.4576647741296,0,0.0,0.0,0.0,-0.0,1846.4576647741296,0x3B753afeE5EF08832Aff91C1556e080b4EFb680d,1.0,0.0,1718.3743,1718.3743,0.0,0.0
Xennenial,31,54.0,1812.885707232782,0,0.0,0.0,0.0,-0.0,1812.885707232782,0xA7B6f89a7da755ab2910f08624FaDfD555cb7BFe,1.0,0.0,480.4553,480.4553,0.0,0.0
abeecrombie,3,3.0,100.71587262404344,1,95.0,1631.1318944359716,1.0,-42.92452353778873,1688.9232435222264,0x1056d9f262E7b3d219e1f939447B349bA0a94B1C,1.0,0.0,0.0,0.0,0.0,0.0
Abdeliq,23,36.0,1208.5904714885214,4,42.0,721.1319954348506,6.0,-257.5471412267324,1672.1753256966394,0x68E5b83d9A4E82d3833dE0365543E7d26897B413,0.4241681277940028,129869.33262947,105142.02017053,393710.588,0.0,1215.0
lorem_epsom_dollar,44,49.5,1661.811898296717,0,0.0,0.0,0.0,-0.0,1661.811898296717,0xbA57aCa2547387c651cA32FE7b17D92F90253B44,1.0,0.0,39679.86451053677,32762.1411,0.0,6890.0
inverses2,12,49.0,1645.0259195260428,0,0.0,0.0,0.0,-0.0,1645.0259195260428,0x9DF52385D1a5B46d32665b6869D8eBbcF12Fc2b7,1.0,0.0,1070.2679,1070.2679,0.0,0.0
shib_army,5,48.0,1611.453961984695,0,0.0,0.0,0.0,-0.0,1611.453961984695,0xE4cebdE475674EB709f3B169541386Bf326066Df,1.0,0.0,354.6219,354.6219,0.0,0.0
ChemicalAnybody6229,19,12.5,419.6494692668477,1,75.75,1300.6130631949984,3.0,-128.7735706133662,1591.48896184848,0xC8CCAf6A7276381d4103aA5aD1816C0fe8C9848f,1.0,0.0,17951.7547,17434.9538,0.0,0.0
CG-Saviour878879,2,47.0,1577.8820044433471,0,0.0,0.0,0.0,-0.0,1577.8820044433471,0x4C2B87E547Ca500B0d539a6Fb82693Aa566abc00,1.0,0.0,306.244,306.244,0.0,0.0
arthropal,7,45.0,1510.7380893606517,0,0.0,0.0,0.0,-0.0,1510.7380893606517,0x4BC2C9f9AEDa34534eCA66351b770A8E5dF66eCf,1.0,0.0,624.0812,624.0812,0.0,0.0
mauerfan,4,43.0,1443.594174277956,0,0.0,0.0,0.0,-0.0,1443.594174277956,0x5037F57F688CDB3c184e63BFb8e3dFAf004557E8,1.0,0.0,778.0387,778.0387000000001,0.0,0.0
Fakeplayer1,12,42.0,1410.0222167366082,0,0.0,0.0,0.0,-0.0,1410.0222167366082,0x47FeDc21b45718c74d635d6F4274d3aED9140E3D,1.0,0.0,0.0,0.0,0.0,0.0
salty-bois,10,41.0,1376.4502591952603,1,3.4000000000000004,58.377352011392674,1.0,-42.92452353778873,1391.9030876688644,0xC29236dA2212f7589115a53FabcDeB1bfA03ddFE,1.0,0.0,72.1432,72.1432,0.0,0.0
sam_kaushik,3,6.0,201.43174524808688,2,72.75,1249.103634949652,2.0,-85.84904707557746,1364.6863331221612,0x3B712c2610c4B38862363438cECc46cf981fF2Df,1.0,0.0,0.0,0.0,0.0,0.0
thecryptos,0,0.0,0.0,1,78.0,1339.2451343790085,0.0,-0.0,1339.2451343790085,0x7A69fcEE302318cE0aDFBE506Bc7eC9d2Cd37cC3,1.0,0.0,3567.456730881565,5222.0866,0.0,1925.0
Puddingbuks26,6,39.0,1309.3063441125648,0,0.0,0.0,0.0,-0.0,1309.3063441125648,0x6361d1737dccFD7a68a969A7f06F9D97a740c162,1.0,0.0,29886.7177,894.7177,0.0,0.0
Pinewatch762,18,39.0,1309.3063441125648,0,0.0,0.0,0.0,-0.0,1309.3063441125648,0x14f40e47227c9F75FD3165292D9F9ff28a4BE577,1.0,0.0,283.1549,283.1549,0.0,0.0
SolarisX86,1,36.0,1208.5904714885214,0,0.0,0.0,0.0,-0.0,1208.5904714885214,0x93118a28D6bCCA6972F7c23b7b576A27A1ddF364,1.0,0.0,27.8889,27.8889,0.0,0.0
straylit,2,35.0,1175.0185139471737,0,0.0,0.0,0.0,-0.0,1175.0185139471737,0x5Bd730983b2a45C1D7C6fBd3552ABe62737c6234,1.0,0.0,115.8195,115.8195,0.0,0.0
Olmops,8,35.0,1175.0185139471737,0,0.0,0.0,0.0,-0.0,1175.0185139471737,0xCA7d56f69C1321DA5ac0fc68B2433A4B3c4624Dc,1.0,0.0,2141.7944,2141.7944,0.0,0.0
Kindly-Wolf6919,8,34.0,1141.4465564058255,0,0.0,0.0,0.0,-0.0,1141.4465564058255,0xEca23ebdfDf663d499891a833D22956a6f65DFA2,1.0,0.0,3.722945e-12,9170.22263496186,514377.11857773154,0.0
wales-bloke,10,34.0,1141.4465564058255,0,0.0,0.0,0.0,-0.0,1141.4465564058255,0x99dbCd0732Df1A4Aa0bb45d313cA1f22Ee2b4062,1.0,0.0,1870.6625,1870.6625,0.0,0.0
0x456,19,33.5,1124.660577635152,0,0.0,0.0,0.0,-0.0,1124.660577635152,0x456029D4d417ab7BD4D5d2b0404215E56a25C000,0.6868305298561438,828.3555199999992,3650.2684,7464.373199999999,0.0,0.0
kuberanm,7,17.0,570.7232782029129,1,32.0,549.4339012836957,0.0,-0.0,1120.1571794866086,0xe2b9f51344C9b759589156461D20268563a17354,1.0,0.0,3.4541010879750345,0.0,0.0,0.0
starflyer26,3,32.0,1074.30264132313,0,0.0,0.0,0.0,-0.0,1074.30264132313,0x58D777F9592d77f2B490A930481A0cc82128651F,1.0,0.0,125.0941,125.0941,0.0,0.0
T_Peters,9,29.0,973.5867686990866,0,0.0,0.0,0.0,-0.0,973.5867686990866,0x74865C349cf8685ad596C1bBc5892EB6B81268D4,1.0,0.0,1000.753,1000.753,0.0,0.0
Lord-Nagafen,2,20.0,671.4391508269563,1,20.0,343.39618830230984,1.0,-42.92452353778873,971.9108155914772,0xCB5a385fBfc15929c18E1Df889a2073aDE320588,1.0,0.0,509.4748,509.4748,0.0,0.0
Green_Candler,0,0.0,0.0,1,60.75,1043.065921968266,2.0,-85.84904707557746,957.2168748926888,0xC57930803027eC2b4965F65ac9a9F02E587F5Cf4,1.0,0.0,3.0,3.0,0.0,0.0
JNed99,69,26.5,889.6568748457171,0,0.0,0.0,0.0,-0.0,889.6568748457171,0x4d5657730911393313748BE8a25cee23A315ad12,0.10000000000000009,3006.08826,0.0,5010.1471,0.0,0.0
Xc0deX,38,26.5,889.6568748457171,0,0.0,0.0,0.0,-0.0,889.6568748457171,0x7402C66B8D9FC2D4500736159a02FD1D3A14181d,0.12891465680307856,2171.002276675857,90.83362332414248,3769.7264999999998,0.0,0.0
Defiboy,16,26.0,872.8708960750432,0,0.0,0.0,0.0,-0.0,872.8708960750432,0x641895f192A8105a0042f6d2Be612490b6679654,1.0,0.0,12187.4868,12187.486799999999,0.0,0.0
Atorcran,0,0.0,0.0,1,51.0,875.66028017089,1.0,-42.92452353778873,832.7357566331013,0xc9Cb73C552b09E225a15EAe1b9005A8F0d956250,1.0,0.0,114.8398,114.8398,0.0,0.0
jdg401,9,24.0,805.7269809923475,0,0.0,0.0,0.0,-0.0,805.7269809923475,0xEc296cCD6dc6542A687a5c060e8129f31bB8d208,1.0,0.0,0.0,0.0,0.0,0.0
fussball9999,1,23.0,772.1550234509997,0,0.0,0.0,0.0,-0.0,772.1550234509997,0x5584e428D5274b2f81dE2d4965D0CA84ef2daEc4,1.0,0.0,401.74,401.74,0.0,0.0
flsurf7,3,23.0,772.1550234509997,0,0.0,0.0,0.0,-0.0,772.1550234509997,0x2A24626eF14016D5474fa6c4298220BD2D57081e,1.0,0.0,11.541,11.541,0.0,0.0
BigRon1977,23,21.0,705.0111083683041,0,0.0,0.0,0.0,-0.0,705.0111083683041,0x65C33426B9eB958dA182d008f3e40597398Eb752,0.11673312625985899,412508.95132,0.0,703873.2522,0.0,9815.0
8055U,3,0.0,0.0,2,48.0,824.1508519255435,3.0,-128.7735706133662,695.3772813121773,0x220Cd60e29d706B6Df1a07A5405B93D7285c0cB3,1.0,0.0,213.4431,213.4431,0.0,0.0
rundown03,2,8.0,268.5756603307825,1,27.0,463.5848542081183,1.0,-42.92452353778873,689.2359910011121,0x76b5c2c7974769C888770bE4F5D15d3a37711bBF,1.0,0.0,509.7253,509.72529999999995,0.0,0.0
Savi321,3,20.0,671.4391508269563,0,0.0,0.0,0.0,-0.0,671.4391508269563,0x7eA45e32a4F75F79615e1C77fA017F2ac4fE66AB,0.11067121318456463,1103.7335619474168,0.0,1867.2304,11774.084484670215,0.0
Roy1984,9,20.0,671.4391508269563,0,0.0,0.0,0.0,-0.0,671.4391508269563,0x0cC7dAE1748e8E5371b2e2b47a5D9446E1D46546,1.0,0.0,236301.84837979282,1847.8476,0.0,0.0
Mixdealyn,50,20.0,671.4391508269563,0,0.0,0.0,0.0,-0.0,671.4391508269563,0xd90deab1894f334febcB808b4b44265Be463aAa2,1.0,0.0,32028.7518,31688.8088,0.0,0.0
PhysicalJoe3011,3,20.0,671.4391508269563,0,0.0,0.0,0.0,-0.0,671.4391508269563,0xA3B9703bE58185CC05C010B50Eba8f6dE69468a6,1.0,0.0,1253.8143,1253.8143,0.0,0.0
landswipe,7,19.0,637.8671932856084,0,0.0,0.0,0.0,-0.0,637.8671932856084,0x9eb3d5ECBf8Af98c488cD57895a28E4c699dfA85,1.0,0.0,1708.1914,1708.1914000000002,0.0,0.0
DistinctEngineering2,26,19.0,637.8671932856084,0,0.0,0.0,0.0,-0.0,637.8671932856084,0xb1007d8b6a0599637Fa7784993EAcEB26A94A89f,1.0,0.0,1338.0843,1338.0843,0.0,0.0
ICE-FlGHT,40,18.5,621.0812145149346,0,0.0,0.0,0.0,-0.0,621.0812145149346,0xdb45859C25c08a38f2cC04c17a04F76C0FC3191f,1.0,0.0,1031.6462,1031.6462000000001,0.0,0.0
BicycleOfLife,6,18.0,604.2952357442607,0,0.0,0.0,0.0,-0.0,604.2952357442607,0x3Bfe6382e9df80a3223D2695D51607D5db6ce680,1.0,0.0,786.1859,786.1859,0.0,0.0
tahiraslam8k,17,16.0,537.151320661565,0,0.0,0.0,0.0,-0.0,537.151320661565,0x52C83fbEc050509468Dc7CEF0a2fFd81e95c9F1B,0.4942982726818045,485.0952399999999,587.2619,1787.2619,0.0,0.0
HeirOfRhoads,0,0.0,0.0,1,40.5,695.3772813121774,4.0,-171.69809415115492,523.6791871610225,0x272431b93a06eF4B02F8BD29b5031e91A2eA829B,1.0,0.0,1333.2932,1333.2932,0.0,0.0
aptacode,10,12.0,402.86349049617377,1,7.0,120.18866590580843,0.0,-0.0,523.0521564019822,0xC7Db4e70C2B2183B619e1a16932f4A753CC82902,1.0,0.0,0.0,0.0,0.0,0.0
greenwolf_12,5,15.0,503.5793631202172,0,0.0,0.0,0.0,-0.0,503.5793631202172,0xe0c5b09eb1616b948103FDa95d69c9b7503a4c15,1.0,0.0,1051.5427,1051.5427,0.0,0.0
_LakeCity_,27,15.0,503.5793631202172,0,0.0,0.0,0.0,-0.0,503.5793631202172,0x090A0a2d6b80a91e23E5aae94D7eC54EF8fA9aaC,1.0,0.0,5.0,5.0,0.0,0.0
hkmamike,8,3.5,117.50185139471736,2,26.0,446.4150447930028,2.0,-85.84904707557746,478.06784911214265,0xD9f39822b199EBe9A487519A458627e93b99Ceca,1.0,0.0,355.6219,355.6219,0.0,0.0
Nickel62,2,14.0,470.0074055788694,0,0.0,0.0,0.0,-0.0,470.0074055788694,0x68d2E117B2297e5161209788f9915D301d3cE532,1.0,0.0,94.7645,94.7645,0.0,0.0
oneawesomewave,8,14.0,470.0074055788694,0,0.0,0.0,0.0,-0.0,470.0074055788694,0x1Ae5B9D3DD5a7a3cDBc6bEc6B26cf7A73a3f3f58,1.0,0.0,3.0,3.0,0.0,0.0
Minute-Many-1775,3,14.0,470.0074055788694,0,0.0,0.0,0.0,-0.0,470.0074055788694,0xbdF1443eE4353821019AB3003129F8AA0bB76296,1.0,0.0,662.1883,662.1883,0.0,0.0
hwaite,3,13.0,436.4354480375216,0,0.0,0.0,0.0,-0.0,436.4354480375216,0x19dCB05BDc5226eEa5d908Db0DfC94E3bd755b50,1.0,0.0,0.0,0.0,0.0,0.0
Heping_Qi,29,12.0,402.86349049617377,0,0.0,0.0,0.0,-0.0,402.86349049617377,0xd8A5eFf3d9Cb47638553C580fa7ad47f619295ca,1.0,0.0,2879.1744,2879.1744,0.0,0.0
mcgravier,11,12.0,402.86349049617377,0,0.0,0.0,0.0,-0.0,402.86349049617377,0xb90344ECa45eBa179A042B16ADF4Fe4EC8A0B356,1.0,0.0,157.4527,157.4527,0.0,0.0
LinkoPlus,5,11.0,369.2915329548259,0,0.0,0.0,0.0,-0.0,369.2915329548259,0xdAf117fC60Ef72e85b6f9C448Ab58e97B5796718,1.0,0.0,657.8412,657.8412000000001,0.0,0.0
Josefumi12,44,11.0,369.2915329548259,0,0.0,0.0,0.0,-0.0,369.2915329548259,0xA9c455ae9838840187801ce4f0ef1DB28EAeb326,0.3490137741875685,29377.297399999996,15531.9865,74848.80649999999,0.0,0.0
HaMiflegetShelMaoism,3,11.0,369.2915329548259,0,0.0,0.0,0.0,-0.0,369.2915329548259,0xc26f21C2786D15069Cb536c348bbaFF9B36Dd63D,1.0,0.0,857.9219,857.9219,0.0,0.0
UpDown_Crypto,12,12.0,402.86349049617377,0,0.0,0.0,1.0,-42.92452353778873,359.93896695838504,0x181BACB4c8bDc528Fa362001c0E4502723ABd279,0.10191119233570833,537.02828,1.4293,897.4293,0.0,0.0
anotheralien22,1,10.0,335.71957541347814,0,0.0,0.0,0.0,-0.0,335.71957541347814,0xBB941814178343B0FD9908B1E3C3De17F4f5cA04,1.0,0.0,1528.368061346798,144.9663,0.0,0.0
MA78L,5,10.0,335.71957541347814,0,0.0,0.0,0.0,-0.0,335.71957541347814,0x55358E4456aE69A250818ADD1701abad79C3e229,1.0,0.0,640.0545,640.0545,0.0,0.0
Mokhlis_Jones,7,10.0,335.71957541347814,0,0.0,0.0,0.0,-0.0,335.71957541347814,0x79Ae2a0f9E6f13f14A2C2811e94672cd12CE5A24,1.0,0.0,1539.6544,1539.6544,0.0,0.0
Security_Raven,13,11.0,369.2915329548259,0,0.0,0.0,1.0,-42.92452353778873,326.3670094170372,0xFBddB66A587515789f4bF2bFA5e19FE98e980104,0.5961733331494685,338.1507999999999,749.6042,1812.925,0.0,0.0
ninadpathak,8,11.0,369.2915329548259,0,0.0,0.0,1.0,-42.92452353778873,326.3670094170372,0x78af2C2B520F16472D9E82612fEfC668F754C66d,1.0,0.0,2500.4557,2500.4557,0.0,0.0
manchesterthedog,3,9.0,302.14761787213035,0,0.0,0.0,0.0,-0.0,302.14761787213035,0xD87f3f0bbA00A715136eB1Ac09D9C29eCB30489E,1.0,0.0,235.555,235.555,0.0,0.0
patrtech,1,9.0,302.14761787213035,0,0.0,0.0,0.0,-0.0,302.14761787213035,0x77Dc012f1C337803630b32819d13fF855115f4B9,1.0,0.0,5.0619,5.0619,0.0,0.0
megselepgeci,3,9.0,302.14761787213035,0,0.0,0.0,0.0,-0.0,302.14761787213035,0xe0ADe6c4900d80Abd8cc8C462F8F9F586b5Cd065,1.0,0.0,1497.1412,1497.1412,0.0,0.0
Tryhardian,4,9.0,302.14761787213035,0,0.0,0.0,0.0,-0.0,302.14761787213035,0xF35B3B8EdC37500B7309181F051B40bFB0324838,1.0,0.0,432.2824,432.2824,0.0,0.0
joekercom,8,9.0,302.14761787213035,0,0.0,0.0,0.0,-0.0,302.14761787213035,0x766279Ae820Ab46F738dE28B8f010Dc093E07A8A,1.0,0.0,0.0,0.0,0.0,0.0
fabdarice,0,0.0,0.0,1,17.0,291.88676005696334,0.0,-0.0,291.88676005696334,0xFe8Fafd9f15449C041D4Fc3415d2c31E9F3336f0,1.0,0.0,9.0,9.0,0.0,0.0
TSErica,19,9.0,302.14761787213035,1,1.75,30.04716647645211,1.0,-42.92452353778873,289.27026081079373,0x2dED425b17b63c26bC51C8888466B560717C1Dd8,1.0,0.0,0.0,0.0,0.0,0.0
lordofming-rises,6,8.0,268.5756603307825,0,0.0,0.0,0.0,-0.0,268.5756603307825,0x92614001b078d7c315A7956Bb1b66963c4e6a434,1.0,0.0,495.5997,495.5997,0.0,0.0
SnooCalculations1742,2,8.0,268.5756603307825,0,0.0,0.0,0.0,-0.0,268.5756603307825,0xDcae928B358377FCEEaF6D681dC589300258C8d9,1.0,0.0,25220.486088054182,125.0941,0.0,0.0
Macktologist,5,8.0,268.5756603307825,0,0.0,0.0,0.0,-0.0,268.5756603307825,0x3893362B4B8A62889529F5dD4ffA161433f793D0,1.0,0.0,395.7067,395.7067,0.0,0.0
Ju1C3Dv89,3,8.0,268.5756603307825,0,0.0,0.0,0.0,-0.0,268.5756603307825,0xF783CF15BCD204156CDEDd06F0edA302BE2aF6F7,1.0,0.0,9.0,9.0,0.0,0.0
TheCryptoBaron,1,7.0,235.0037027894347,0,0.0,0.0,0.0,-0.0,235.0037027894347,0x9A12A93a9576729c7FC2c695776D648ACF9298d7,1.0,0.0,117.3654,117.3654,0.0,0.0
ieatmoondust,3,7.0,235.0037027894347,0,0.0,0.0,0.0,-0.0,235.0037027894347,0x9ee35d42E469532b7bB5dfB2E94fA456E01C9c9f,1.0,0.0,349.5471,349.5471,0.0,0.0
Weekly-Deal-8251,5,7.0,235.0037027894347,0,0.0,0.0,0.0,-0.0,235.0037027894347,0x9561115dCA8d751085FD8985aF9a9E8C6a4C252D,1.0,0.0,251.1883,251.1883,0.0,0.0
seblt,1,7.0,235.0037027894347,0,0.0,0.0,0.0,-0.0,235.0037027894347,0x4aF973f9c9A8404F43980362ed0096Ff521845Ef,1.0,0.0,254.355,254.355,0.0,0.0
abcoathup,4,3.5,117.50185139471736,2,10.5,180.28299885871263,2.0,-85.84904707557746,211.93580317785256,0x13ebd3443fa5575F0Eb173e323D8419F7452CfB1,1.0,0.0,13138.3486,13138.348599999998,0.0,0.0
CoolCoolPapaOldSkool,1,6.0,201.43174524808688,0,0.0,0.0,0.0,-0.0,201.43174524808688,0x3e94cE15A42a8E8a0AbE405a7B0dc4F00f2862Db,1.0,0.0,44.8816,44.8816,0.0,0.0
EpicureanMystic,3,6.0,201.43174524808688,0,0.0,0.0,0.0,-0.0,201.43174524808688,0x67Ef1DA6A8cF5Fe5089874F3175eA09e7F8d1cA1,1.0,0.0,5670.3793,5470.3793000000005,0.0,0.0
Shelbyturtle,1,6.0,201.43174524808688,0,0.0,0.0,0.0,-0.0,201.43174524808688,0xf1769dbb44B0E8B1AD519Ea80e45E870a3C535C4,1.0,0.0,13.6885,13.6885,0.0,0.0
jesser9,8,6.0,201.43174524808688,0,0.0,0.0,0.0,-0.0,201.43174524808688,0x7d0C0FCD7EbF36c8b3Adf162168F8139E6E72f74,1.0,0.0,0.0,0.0,0.0,0.0
BottomTimer_TunaFish,4,6.0,201.43174524808688,0,0.0,0.0,0.0,-0.0,201.43174524808688,0xcbe8B4E8A16437D94e065A8C3E4797896C228Cee,1.0,0.0,261.4792,261.4792,0.0,0.0
beerdrinker_mavech,8,6.0,201.43174524808688,0,0.0,0.0,0.0,-0.0,201.43174524808688,0x0ab9cb780BAAbd1aC9b93b31A756E255905106A0,1.0,0.0,1628.3384,1628.3384,0.0,0.0
UnknownEssence,3,6.0,201.43174524808688,0,0.0,0.0,0.0,-0.0,201.43174524808688,0x00Bff92173571Afc918406D02362969DF905f868,1.0,0.0,0.0,0.0,0.0,0.0
XADEBRAVO,5,6.0,201.43174524808688,0,0.0,0.0,0.0,-0.0,201.43174524808688,0x8A4D33F8ae9D8Adb1cbF10B074Ce19b00b24d15b,1.0,0.0,216.5309,216.5309,0.0,0.0
Dfeldsyo,5,5.5,184.64576647741296,0,0.0,0.0,0.0,-0.0,184.64576647741296,0xBa2dd18c7A9903187a09ca6f6982afAD98847B32,1.0,0.0,880.832,880.8320000000001,0.0,0.0
AwchoHaino,3,8.0,268.5756603307825,0,0.0,0.0,2.0,-85.84904707557746,182.72661325520505,0x442cA1C33e532295F7acEE8B1398fEcF2fbd110f,1.0,0.0,7215.0,0.0,0.0,2950.0
Reclaimer2401,2,5.0,167.85978770673907,0,0.0,0.0,0.0,-0.0,167.85978770673907,0xBeFd68e6A5b51022Abae8E72656c8aAd0847C41A,1.0,0.0,176.7903,176.7903,0.0,0.0
MaconBacon01,1,5.0,167.85978770673907,0,0.0,0.0,0.0,-0.0,167.85978770673907,0xC05cFB4fa62BB3C9dF7Ac65fE77d28345aFa3485,1.0,0.0,1.0556,1.0556,0.0,0.0
J-96788-EU,4,5.0,167.85978770673907,0,0.0,0.0,0.0,-0.0,167.85978770673907,0x2AAB3E4A213052C648A6331d28d5e0F3abD6C167,1.0,0.0,447.6983,447.69829999999996,0.0,0.0
Mysterymanashu,13,5.0,167.85978770673907,0,0.0,0.0,0.0,-0.0,167.85978770673907,0x2d3BFA9C6217FA78571771CEbC36A8bd4868F648,1.0,0.0,0.0,0.0,0.0,0.0
nethanns,6,5.0,167.85978770673907,0,0.0,0.0,0.0,-0.0,167.85978770673907,0xB3184DA621427417e4991eD9321895e03052608E,0.10000000000000009,3238.9579199999994,0.0,5398.263199999999,0.0,0.0
zkrooky,2,5.0,167.85978770673907,0,0.0,0.0,0.0,-0.0,167.85978770673907,0x1C407037C00Bd2Cd78a30913fD1Dd02f420cD1Be,1.0,0.0,669.0666,669.0666,0.0,0.0
x_lincoln_x,5,5.0,167.85978770673907,0,0.0,0.0,0.0,-0.0,167.85978770673907,0xd0b4658bBf895E140a7B0bf38FD4BfEeB54A7Fe5,1.0,0.0,996.3554,996.3553999999999,0.0,0.0
datawarrior123,2,5.0,167.85978770673907,0,0.0,0.0,0.0,-0.0,167.85978770673907,0xF204ea7af56F5C3F0B8316d188708D7123D67c67,1.0,0.0,15.388,15.388,0.0,0.0
UFONomura808,3,5.0,167.85978770673907,0,0.0,0.0,0.0,-0.0,167.85978770673907,0xF0d241d7C6ffE48D6bFb14e55882897548741De3,1.0,0.0,813.0993,813.0993000000001,0.0,0.0
doctorwho_cares,9,4.5,151.07380893606518,0,0.0,0.0,0.0,-0.0,151.07380893606518,0xB96F63E3a7C380214704893f8f38f91caF413321,0.10000000000000009,359.1630599999999,0.0,598.6050999999999,0.0,0.0
Alternative_Run_6116,3,4.5,151.07380893606518,0,0.0,0.0,0.0,-0.0,151.07380893606518,0x0fb6fF2b04d9cA944cc9d1F4de5462Ab39E269Eb,1.0,0.0,356.2918,356.2918,0.0,0.0
Jackieknows,8,4.5,151.07380893606518,0,0.0,0.0,0.0,-0.0,151.07380893606518,0xD4147645B665090AeB0b66c10C054Ff3Eea34c31,1.0,0.0,282.2795,282.2795,0.0,0.0
FattestLion,5,4.0,134.28783016539126,0,0.0,0.0,0.0,-0.0,134.28783016539126,0x2dBB136D8DC31698ADA7C56E0853C255629d0cA6,0.1727750507472916,242999.2091371036,27323.235602896406,450537.4079,0.0,0.0
SoggyKnotts,5,4.0,134.28783016539126,0,0.0,0.0,0.0,-0.0,134.28783016539126,0x90d92323E9577C548864b53c321B0eADde892870,1.0,0.0,842.6555,842.6555000000001,0.0,0.0
blackout24,2,4.0,134.28783016539126,0,0.0,0.0,0.0,-0.0,134.28783016539126,0x2D3fac643f3d8779cfab5A17153e3cDb096c76F2,1.0,0.0,187.2597,187.2597,0.0,0.0
truthwatcher_,1,4.0,134.28783016539126,0,0.0,0.0,0.0,-0.0,134.28783016539126,0x529072c6224b220607AA661Bb074c2C6Cb1add87,1.0,0.0,86.0767,86.0767,0.0,0.0
mrjune2040,1,4.0,134.28783016539126,0,0.0,0.0,0.0,-0.0,134.28783016539126,0xa433d3e9B1390e5691Ace268484b8Ac23120Fad4,1.0,0.0,1184.0144,1184.0144,0.0,0.0
stubbie6,2,4.0,134.28783016539126,0,0.0,0.0,0.0,-0.0,134.28783016539126,0xb5bBA0bf15FbE881e4f9dB32B7f5033e576E6558,1.0,0.0,0.0,0.0,0.0,0.0
ShibeCEO,2,4.0,134.28783016539126,0,0.0,0.0,0.0,-0.0,134.28783016539126,0x6423c5ce78E66d37172163D581469822879b1d4a,1.0,0.0,320.3258,320.32579999999996,0.0,0.0
Whotakelaekagg,7,4.0,134.28783016539126,0,0.0,0.0,0.0,-0.0,134.28783016539126,0x8EdAd6193A7FDB547433C33381d283348960b4B4,1.0,0.0,101.0,101.0,0.0,0.0
F-machine,92,3.5,117.50185139471736,0,0.0,0.0,0.0,-0.0,117.50185139471736,0x6b2Dfb8f1F88A400E3aad648d9D8A1a5E1820a7b,1.0,0.0,16170.1816,7621.5352,0.0,0.0
blizzardboy123,6,3.5,117.50185139471736,0,0.0,0.0,0.0,-0.0,117.50185139471736,0x89e5b3648cc6d80A577B1b3efC1C865FBf72A915,1.0,0.0,23.0,23.0,0.0,0.0
divyad,19,3.0,100.71587262404344,0,0.0,0.0,0.0,-0.0,100.71587262404344,0xec84E1E9637DC208E2af5e1F6bB74B8fE6af7a5f,0.10000000000000009,6382.557779999999,0.0,10637.5963,0.0,0.0
phoenixblue,3,3.0,100.71587262404344,0,0.0,0.0,0.0,-0.0,100.71587262404344,0x133255db23f6B03C15e8A4aD37C8CC51D41070e8,1.0,0.0,5.5933,5.5933,0.0,0.0
trashtv,4,3.0,100.71587262404344,0,0.0,0.0,0.0,-0.0,100.71587262404344,0x96aFCc1F5b4949571B6CB0b133167E217F14435A,1.0,0.0,703.9137,703.9137000000001,0.0,0.0
grannyte,2,3.0,100.71587262404344,0,0.0,0.0,0.0,-0.0,100.71587262404344,0x79AFF8CcFD94B6ca2041aFbAB3027b7E0DD330De,1.0,0.0,6.1849,6.1849,0.0,0.0
alterise,3,3.0,100.71587262404344,0,0.0,0.0,0.0,-0.0,100.71587262404344,0x741b3D83Ed80dD01b2Ab2b1886Ccc22E6c86D79F,1.0,0.0,119.0527,119.05269999999999,0.0,0.0
Next-Respect-1311,2,3.0,100.71587262404344,0,0.0,0.0,0.0,-0.0,100.71587262404344,0xB206108a05c1a9e1AfE72642bBbA94FD3f14d48c,1.0,0.0,153.546,153.546,0.0,0.0
towjamb,1,3.0,100.71587262404344,0,0.0,0.0,0.0,-0.0,100.71587262404344,0x6AA08E1E39958055836F31906C6ff8c072e8C0F3,1.0,0.0,89.0534,89.0534,0.0,0.0
SourlandRides,1,3.0,100.71587262404344,0,0.0,0.0,0.0,-0.0,100.71587262404344,0x7a6B891C2daa707548D5F7165a9cb37834a50B7c,1.0,0.0,0.0,0.0,0.0,0.0
Stolidd,2,3.0,100.71587262404344,0,0.0,0.0,0.0,-0.0,100.71587262404344,0xDD1549aD1E1C8d79faC4660F40eBc1B0e1BdF587,1.0,0.0,0.0,0.0,0.0,0.0
Good_Extension_9642,6,3.0,100.71587262404344,0,0.0,0.0,0.0,-0.0,100.71587262404344,0xe64A9075826531d09931dD58D2D3cA8B94F8B49a,1.0,0.0,2037.6198,2037.6198,0.0,0.0
Film54,1,3.0,100.71587262404344,0,0.0,0.0,0.0,-0.0,100.71587262404344,0xFB4398669b66AEA13DF763F765A412611b73e933,1.0,0.0,3.3746,3.3746,0.0,0.0
soupdizzle1,1,3.0,100.71587262404344,0,0.0,0.0,0.0,-0.0,100.71587262404344,0x92d50866646E4D59C1A46a4B80Ca76279F7C85a5,1.0,0.0,117.3654,117.3654,0.0,0.0
mohkudai,5,3.0,100.71587262404344,0,0.0,0.0,0.0,-0.0,100.71587262404344,0x77F99222b864B60920e78558e47024f99d45aeC8,1.0,0.0,0.0,0.0,0.0,0.0
Numerous_Ruin_4947,6,3.0,100.71587262404344,0,0.0,0.0,0.0,-0.0,100.71587262404344,0x8d9D69BE93b8ab04c3f12492d847e903D82e5607,1.0,0.0,700.9086,700.9086,0.0,0.0
thevzi,4,2.5,83.92989385336953,0,0.0,0.0,0.0,-0.0,83.92989385336953,0x1f715AaAC0F73701b629A6a40577e2084d51Fc91,1.0,0.0,0.0,0.0,0.0,0.0
jbrev01,1,2.0,67.14391508269563,0,0.0,0.0,0.0,-0.0,67.14391508269563,0x82351f8776b2a1ED4EDaAe0CF319753A5806EEd7,1.0,0.0,0.0,0.0,0.0,0.0
firstz,1,2.0,67.14391508269563,0,0.0,0.0,0.0,-0.0,67.14391508269563,0x64D28d20433CB17979C229479CfDF0195C5a256a,1.0,0.0,19.8012,19.801199999999998,0.0,0.0
BetterThanSydney,2,2.0,67.14391508269563,0,0.0,0.0,0.0,-0.0,67.14391508269563,0xB18a857ece046495d96c85090EcD2A528c407C32,1.0,0.0,0.0,0.0,0.0,0.0
SusanForeman,2,2.0,67.14391508269563,0,0.0,0.0,0.0,-0.0,67.14391508269563,0xd1297Fbc37295462322f28881DBD9a557d4317e0,1.0,0.0,840.0847,840.0847000000001,0.0,0.0
Macerer-X,1,2.0,67.14391508269563,0,0.0,0.0,0.0,-0.0,67.14391508269563,0x11b414f287929aB0136d273C797c8CB66936352f,1.0,0.0,2.0,2.0,0.0,0.0
PumpkinSpice2Nice,2,2.0,67.14391508269563,0,0.0,0.0,0.0,-0.0,67.14391508269563,0xDe1C1106eE98b17366179D39A48025635F0eCaAc,1.0,0.0,67.9202,67.9202,0.0,0.0
PhysicalLodging,8,2.0,67.14391508269563,0,0.0,0.0,0.0,-0.0,67.14391508269563,0x100301F03299C90EC2945f64Db1f9F4e424d71F2,0.6741581596483766,789.9820799999993,3110.0448,6500.0448,0.0,0.0
EchoEnclosure,1,2.0,67.14391508269563,0,0.0,0.0,0.0,-0.0,67.14391508269563,0x42e84F0bCe28696cF1D254F93DfDeaeEB6F0D67d,1.0,0.0,260.4399,260.43989999999997,0.0,0.0
GreedVault,3,2.0,67.14391508269563,0,0.0,0.0,0.0,-0.0,67.14391508269563,0xE809f4C6959610ad7d05C4117624f47d0554cCa7,1.0,0.0,7363.350786147238,3793.5353,0.0,0.0
mallison945,6,2.0,67.14391508269563,0,0.0,0.0,0.0,-0.0,67.14391508269563,0x61b13c8435BA6BDb6D352d18F9ba6BDd02bb34a6,1.0,0.0,2984.3468,2984.3468000000003,0.0,0.0
002_timmy,1,1.0,33.571957541347814,1,4.0,68.67923766046196,1.0,-42.92452353778873,59.32667166402105,0x70BA80d1F08289b1d73466Ac8Bd949e5B2AA8219,1.0,0.0,1174.9808,1174.9808,0.0,0.0
Kappatalizable,2,1.5,50.35793631202172,0,0.0,0.0,0.0,-0.0,50.35793631202172,0xEB9a6E724925B178d9627CE05208Cfe6A5C11447,1.0,0.0,1533275.2390781075,3209.7018,71654.03993939082,0.0
poginmydog,2,1.0,33.571957541347814,0,0.0,0.0,0.0,-0.0,33.571957541347814,0xdB98Ae259913F05D184bC2e11f84F51180e5D6D6,1.0,0.0,89.498,111.4425,0.0,0.0
celmate,1,1.0,33.571957541347814,0,0.0,0.0,0.0,-0.0,33.571957541347814,0x415680ef2E97cD38CB9A42abd2a1b2812086401a,1.0,0.0,608.6231,608.6231,0.0,0.0
rhamish,1,1.0,33.571957541347814,0,0.0,0.0,0.0,-0.0,33.571957541347814,0x85150c35588675AB9a4EBA5008859F5259785568,1.0,0.0,621.6913,621.6913,0.0,0.0
ReMeDyIII,3,1.0,33.571957541347814,0,0.0,0.0,0.0,-0.0,33.571957541347814,0x47F7f4a47e11e2B252aa9885C36B54cFa3Ce6eC1,1.0,0.0,2091.2947,2091.2947,0.0,0.0
skoold2003,7,1.0,33.571957541347814,0,0.0,0.0,0.0,-0.0,33.571957541347814,0x48AaF370Dd277143Db8279e3D374dBCD217157b3,1.0,0.0,250.1883,250.1883,0.0,0.0
Flashy-Butterfly6310,1,1.0,33.571957541347814,0,0.0,0.0,0.0,-0.0,33.571957541347814,0xD5bB9395dB87015F8240D768ad9575987CEDAF3F,0.10000000000000009,190.36902,0.0,317.2817,0.0,0.0
captn03,1,1.0,33.571957541347814,0,0.0,0.0,0.0,-0.0,33.571957541347814,0xea3965cE7599Bc07E41BBBb30bc3bb018Ea2dE50,1.0,0.0,149.0082,149.0082,0.0,0.0
lostrapt,1,1.0,33.571957541347814,0,0.0,0.0,0.0,-0.0,33.571957541347814,0xc8eC20f2D835D861C3391A5dc20bb614b399d66e,1.0,0.0,587.178,587.178,0.0,0.0
GarugasRevenge,5,1.0,33.571957541347814,0,0.0,0.0,0.0,-0.0,33.571957541347814,0xe031D22C0906FA6dcA2B37588Fca6a19A64952A3,1.0,0.0,1133.5179,1133.5179,0.0,0.0
ShadowKnight324,7,1.0,33.571957541347814,0,0.0,0.0,0.0,-0.0,33.571957541347814,0xdea176973310D5bdfE5D8bE85Ff7B5Ea5Ab060f0,0.2745232364459773,3049.1460600000005,975.5628,6707.848100000001,0.0,0.0
quintavious_danilo,2,1.0,33.571957541347814,0,0.0,0.0,0.0,-0.0,33.571957541347814,0x27DFE0C3584F76C36953B27524F51c36aCcDCb71,1.0,0.0,730.2308,730.2308,0.0,0.0
kaijeng,2,1.0,33.571957541347814,0,0.0,0.0,0.0,-0.0,33.571957541347814,0x33de26d9083f338c9C4AC0F81c59D2C0DfBE3cE1,1.0,0.0,0.0,0.0,0.0,0.0
EirianWare,2,1.0,33.571957541347814,0,0.0,0.0,0.0,-0.0,33.571957541347814,0x59c3A1F26f30Ae8B0EA8bD86DF9b58dC75A01cf8,1.0,0.0,355.8328,355.8328,0.0,0.0
Wdym_Brother,2,1.0,33.571957541347814,0,0.0,0.0,0.0,-0.0,33.571957541347814,0xdf63f1E9eCCdd2Fa40e21877f9D8206c983819A8,1.0,0.0,25.316,25.316,0.0,0.0
Dieselx22,2,1.0,33.571957541347814,0,0.0,0.0,0.0,-0.0,33.571957541347814,0xA173d0cd58d39451B20BcCAd41658aD96760D95C,1.0,0.0,551.7918,551.7918,0.0,0.0
visionblurry,2,1.0,33.571957541347814,0,0.0,0.0,0.0,-0.0,33.571957541347814,0xA6bf3684a1c3E9f8d89EEEBC56317732F3Ac7286,1.0,0.0,241.858,241.858,0.0,0.0
opbmedia,1,1.0,33.571957541347814,0,0.0,0.0,0.0,-0.0,33.571957541347814,0x882aC72bF8cf5DE442866EA8b4792D6bc3412411,1.0,0.0,506.2909,506.29089999999997,0.0,0.0
ikkaku999,2,1.0,33.571957541347814,0,0.0,0.0,0.0,-0.0,33.571957541347814,0x1Ba8F7523aCe1156a6FC7E099FACAbeC5050403d,1.0,0.0,185.1062,185.1062,0.0,0.0
wzi,1,1.0,33.571957541347814,0,0.0,0.0,0.0,-0.0,33.571957541347814,0xeFd1035AE7faAA3EA5620bda7259a8c9652FB6E6,1.0,0.0,114.7639,114.7639,0.0,0.0
Astrotoad21,1,1.0,33.571957541347814,0,0.0,0.0,0.0,-0.0,33.571957541347814,0x4E2Bcb5c06E5d82277eDf48EffDCe85663A4B54B,1.0,0.0,26.8094,26.8094,0.0,0.0
final_lionel,2,1.0,33.571957541347814,0,0.0,0.0,0.0,-0.0,33.571957541347814,0xddeF3dca5B27622e53Bad51569db8f3F72EDd1F8,1.0,0.0,508.5282,508.52819999999997,0.0,0.0
twakepara010,1,1.0,33.571957541347814,0,0.0,0.0,0.0,-0.0,33.571957541347814,0x3225fe941A0A58116E92a63aF384b692Af603d6F,1.0,0.0,0.0,0.0,0.0,0.0
fulento42,2,1.0,33.571957541347814,0,0.0,0.0,0.0,-0.0,33.571957541347814,0xa1523c475292067C102C6D5C68c4c194B8f264C2,1.0,0.0,60.9582,60.958200000000005,0.0,0.0
awaythrowred8,1,1.0,33.571957541347814,0,0.0,0.0,0.0,-0.0,33.571957541347814,0x176B168819aC3312E1631f18996d7Acd347b7e56,1.0,0.0,75.6674,75.6674,0.0,0.0
Vivarevo,3,1.0,33.571957541347814,0,0.0,0.0,0.0,-0.0,33.571957541347814,0x8a945Ff7dBC68D7DEFeA264c9B838F6824671c01,1.0,0.0,1625.1660550224613,1235.8183000000001,0.0,0.0
Chrisnba24,1,1.0,33.571957541347814,0,0.0,0.0,0.0,-0.0,33.571957541347814,0xb7cBb6af9392a9370E902B3509b9F03f80Bbb42a,1.0,0.0,5.0,5.0,0.0,0.0
kingkongbananakong,2,2.0,67.14391508269563,0,0.0,0.0,1.0,-42.92452353778873,24.219391544906895,0xC3a7164B45c0780458245eF12CeAF2Cc62E59866,1.0,0.0,1789.6576,1789.6576,0.0,0.0
tracyspacygo,1,0.0,0.0,1,3.75,64.3867853066831,1.0,-42.92452353778873,21.462261768894365,0x75c41548F9a71c267Cf38E8452435EC580d3978E,1.0,0.0,357.4507,357.4507,0.0,0.0
Pibo1987,2,0.5,16.785978770673907,0,0.0,0.0,0.0,-0.0,16.785978770673907,0xf3A6ab4AB31aB110b272B238A5E29160c9804c05,1.0,0.0,15355.255332013741,2573.1436000000003,24500.0,0.0
wurld_92,2,0.5,16.785978770673907,0,0.0,0.0,0.0,-0.0,16.785978770673907,0x727825F3766e7b91dBcC835b23679F4aC431cA4E,1.0,0.0,3.0,3.0,0.0,0.0
Fatmacassih0511,5,0.5,16.785978770673907,0,0.0,0.0,0.0,-0.0,16.785978770673907,0xB853894f1EDe821C39CAcC89560D24a1be009D01,1.0,0.0,0.0,0.0,0.0,0.0
nocommentonworldnews,3,0.5,16.785978770673907,0,0.0,0.0,0.0,-0.0,16.785978770673907,0x6dFdb54cF9bE4a7B4f61Ba0B15B8cbe8f2AAC89B,1.0,0.0,0.0,0.0,0.0,0.0
meetjames,12,-22.0,-738.5830659096519,1,-1.0,-17.16980941511549,1.0,-42.92452353778873,-42.92452353778873,0x1d844F6E0D1ba447a986cB03dc13E92bD6Ef00fa,1.0,0.0,0.0,0.0,0.0,0.0
ElektricDonut,8,-1.5,-50.35793631202172,0,0.0,0.0,1.0,-42.92452353778873,-42.92452353778873,0x65f87aCc6b3c42bACf65770966c57036DaF5eccc,1.0,0.0,2462.070600823187,18.1346,0.0,0.0
MartianAndroidMiner,0,0.0,0.0,1,1.9,32.62263788871944,2.0,-85.84904707557746,-53.22640918685802,0x5069bA7465216583AAfC0323238783f319b0c19b,0.14177800214112257,64.9358,4.0,114.893,0.0,0.0
